Year,Game ID,Date mmm dd,Time 24hr,Venue,City,Match stage,Match no. in stage,Team 1 name,Team 2 name,Team 1 final score,Team 2 final score,Team 1 pens,Team 2 pens,Extra time ind,HT/FT/HTET scores
1930,1930.01,Jul 13,1500,Estadio Pocitos,Montevideo,Group A,1,France,Mexico,4,1,,,,(3:0)
1930,1930.05,Jul 15,1600,Central Park,Montevideo,Group A,2,Argentina,France,1,0,,,,(0:0)
1930,1930.06,Jul 16,1445,Central Park,Montevideo,Group A,3,Chile,Mexico,3,0,,,,(1:0)
1930,1930.1,Jul 19,1250,Estadio Centenario,Montevideo,Group A,4,Chile,France,1,0,,,,(0:0)
1930,1930.11,Jul 19,1500,Estadio Centenario,Montevideo,Group A,5,Argentina,Mexico,6,3,,,,(3:1)
1930,1930.14,Jul 22,1445,Estadio Centenario,Montevideo,Group A,6,Argentina,Chile,3,1,,,,(2:1)
1930,1930.03,Jul 14,1245,Central Park,Montevideo,Group B,1,Yugoslavia,Brazil,2,1,,,,(2:0)
1930,1930.07,Jul 17,1245,Central Park,Montevideo,Group B,2,Yugoslavia,Bolivia,4,0,,,,(0:0)
1930,1930.12,Jul 20,1300,Estadio Centenario,Montevideo,Group B,3,Brazil,Bolivia,4,0,,,,(1:0)
1930,1930.04,Jul 14,1450,Estadio Pocitos,Montevideo,Group C,1,Romania,Peru,3,1,,,,(1:0)
1930,1930.09,Jul 18,1430,Estadio Centenario,Montevideo,Group C,2,Uruguay,Peru,1,0,,,,(0:0)
1930,1930.15,Jul 22,1450,Estadio Centenario,Montevideo,Group C,3,Uruguay,Romania,4,0,,,,(4:0)
1930,1930.02,Jul 13,1500,Central Park,Montevideo,Group D,1,United States,Belgium,3,0,,,,(2:0)
1930,1930.08,Jul 17,1445,Central Park,Montevideo,Group D,2,United States,Paraguay,3,0,,,,(2:0)
1930,1930.13,Jul 20,1500,Estadio Centenario,Montevideo,Group D,3,Paraguay,Belgium,1,0,,,,(1:0)
1930,1930.16,Jul 26,1445,Estadio Centenario,Montevideo,Semi-Finals,1,Argentina,United States,6,1,,,,(1:0)
1930,1930.17,Jul 27,1445,Estadio Centenario,Montevideo,Semi-Finals,2,Uruguay,Yugoslavia,6,1,,,,(3:1)
1930,1930.18,Jul 30,1530,Estadio Centenario,Montevideo,Final,1,Uruguay,Argentina,4,2,,,,(1:2)
1934,1934.01,May 27,1630,Stadio PNF,Rome,First Round,1,Italy,United States,7,1,,,,(3:0)
1934,1934.02,May 27,1630,Stadio Littorio,Trieste,First Round,2,Czechoslovakia,Romania,2,1,,,,(0:1)
1934,1934.03,May 27,1630,Stadio Giovanni Berta,Florence,First Round,3,Germany,Belgium,5,2,,,,(1:2)
1934,1934.04,May 27,1630,Stadio Mussolini,Turin,First Round,4,Austria,France,3,2,,,aet,"(1:1, 1:1, 2:1)"
1934,1934.05,May 27,1630,Stadio Luigi Ferraris,Genoa,First Round,5,Spain,Brazil,3,1,,,,(3:0)
1934,1934.06,May 27,1630,Stadio San Siro,Milan,First Round,6,Switzerland,Netherlands,3,2,,,,(2:1)
1934,1934.07,May 27,1630,Stadio Littoriale,Bologna,First Round,7,Sweden,Argentina,3,2,,,,(1:1)
1934,1934.08,May 27,1630,Stadio Ascarelli,Naples,First Round,8,Hungary,Egypt,4,2,,,,(2:2)
1934,1934.09,May 31,1630,Stadio San Siro,Milan,Second Round,1,Germany,Sweden,2,1,,,,(0:0)
1934,1934.1,May 31,NA,Stadio Littoriale,Bologna,Second Round,2,Austria,Hungary,2,1,,,,(1:0)
1934,1934.11,May 31,NA,Stadio Giovanni Berta,Florence,Second Round,3,Italy,Spain,1,1,,,aet,"(0:1, 1:1, 1:1)"
1934,1934.13,Jun 01,NA,Stadio Giovanni Berta,Florence,Second Round,4,Italy,Spain,1,0,,,,(1:0)
1934,1934.12,May 31,1630,Stadio Mussolini,Turin,Second Round,5,Czechoslovakia,Switzerland,3,2,,,,(1:1)
1934,1934.14,Jun 03,1630,Stadio San Siro,Milan,Semi-Finals,1,Italy,Austria,1,0,,,,(0:0)
1934,1934.15,Jun 03,1630,Stadio PNF,Rome,Semi-Finals,2,Czechoslovakia,Germany,3,1,,,,(1:0)
1934,1934.16,Jun 07,1730,Stadio Ascarelli,Naples,3rd/4th Place Play-Off,1,Germany,Austria,3,2,,,,(3:1)
1934,1934.17,Jun 10,1700,Stadio PNF,Rome,Final,1,Italy,Czechoslovakia,2,1,,,aet,"(0:0, 1:1, 2:1)"
1938,1938.01,Jun 04,1800,Parc de Princes,Paris,First Round,1,Germany,Switzerland,1,1,,,aet,"(1:1, 1:1, 1:1)"
1938,1938.08,Jun 09,1800,Parc de Princes,Paris,First Round,2,Switzerland,Germany,4,2,,,,(1:2)
1938,1938.02,Jun 05,1700,Stade Chapou,Toulouse,First Round,3,Cuba,Romania,3,3,,,aet,"(1:1, 2:2, 3:3)"
1938,1938.09,Jun 09,1830,Stade Chapou,Toulouse,First Round,4,Cuba,Romania,2,1,,,,(0:1)
1938,1938.03,Jun 05,NA,Stade de la Cavée Verte,Le Havre,First Round,5,Czechoslovakia,Netherlands,3,0,,,aet,"(0:0, 0:0, 1:0)"
1938,1938.04,Jun 05,1700,Stade Colombes,Paris,First Round,6,France,Belgium,3,1,,,,(2:1)
1938,1938.05,Jun 05,1700,Stade Velodrome Municipal,Reims,First Round,7,Hungary,Dutch East Indies,6,0,,,,(4:0)
1938,1938.06,Jun 05,1700,Stade Velodrome,Marseilles,First Round,8,Italy,Norway,2,1,,,aet,"(1:0, 1:1, 2:1)"
1938,1938.07,Jun 05,1730,Stade de la Meinau,Strasbourg,First Round,9,Brazil,Poland,6,5,,,aet,"(3:1, 4:4, 6:4)"
1938,1938.1,Jun 12,1700,Stade Colombes,Paris,Second Round,1,Italy,France,3,1,,,,(1:1)
1938,1938.11,Jun 12,1700,Stade du Fort Carré,Antibes,Second Round,2,Sweden,Cuba,8,0,,,,(4:0)
1938,1938.12,Jun 12,1700,Stade Victor Boucquey,Lille,Second Round,3,Hungary,Switzerland,2,0,,,,(1:0)
1938,1938.13,Jun 12,1700,Parc de Lescure,Bordeaux,Second Round,4,Brazil,Czechoslovakia,1,1,,,aet,"(1:0, 1:1, 1:1)"
1938,1938.14,Jun 14,1800,Parc de Lescure,Bordeaux,Second Round,5,Brazil,Czechoslovakia,2,1,,,,(0:1)
1938,1938.15,Jun 16,1800,Stade Velodrome,Marseilles,Semi-Finals,1,Italy,Brazil,2,1,,,,(0:0)
1938,1938.16,Jun 16,1800,Parc de Princes,Paris,Semi-Finals,2,Hungary,Sweden,5,1,,,,(3:1)
1938,1938.17,Jun 19,1700,Parc de Lescure,Bordeaux,3rd/4th Place Play-Off,1,Brazil,Sweden,4,2,,,,(1:2)
1938,1938.18,Jun 19,1700,Stade Colombes,Paris,Final,1,Italy,Hungary,4,2,,,,(3:1)
1950,1950.01,Jun 24,1500,Estadio Maracana,Rio de Janeiro,Group A,1,Brazil,Mexico,4,0,,,,(1:0)
1950,1950.02,Jun 25,1800,Estadio Sete de Setembro,Belo Horizonte,Group A,2,Yugoslavia,Switzerland,3,0,,,,(2:0)
1950,1950.06,Jun 28,1500,Estadio Pacaembu,Sao Paulo,Group A,3,Brazil,Switzerland,2,2,,,,(2:1)
1950,1950.07,Jun 29,1815,Estadio Beira-Rio,Porto Alegre,Group A,4,Yugoslavia,Mexico,4,1,,,,(2:0)
1950,1950.11,Jul 01,1500,Estadio Maracana,Rio de Janeiro,Group A,5,Brazil,Yugoslavia,2,0,,,,(1:0)
1950,1950.12,Jul 02,1540,Estadio Beira-Rio,Porto Alegre,Group A,6,Switzerland,Mexico,2,1,,,,(2:0)
1950,1950.03,Jun 25,1500,Estadio Maracana,Rio de Janeiro,Group B,1,England,Chile,2,0,,,,(1:0)
1950,1950.04,Jun 25,1530,Estadio Brito,Curitiba,Group B,2,Spain,United States,3,1,,,,(0:1)
1950,1950.08,Jun 29,1500,Estadio Maracana,Rio de Janeiro,Group B,3,Spain,Chile,2,0,,,,(2:0)
1950,1950.09,Jun 29,1800,Estadio Mineiro,Belo Horizonte,Group B,4,United States,England,1,0,,,,(1:0)
1950,1950.13,Jul 02,1500,Estadio Maracana,Rio de Janeiro,Group B,5,Spain,England,1,0,,,,(0:0)
1950,1950.14,Jul 02,1800,Estadio Ilha do Retiro,Recife,Group B,6,Chile,United States,5,2,,,,(2:0)
1950,1950.05,Jun 25,1500,Estadio Pacaembu,Sao Paulo,Group C,1,Sweden,Italy,3,2,,,,(2:1)
1950,1950.1,Jun 29,1530,Estadio Brito,Curitiba,Group C,2,Sweden,Paraguay,2,2,,,,(2:1)
1950,1950.15,Jul 02,1500,Estadio Pacaembu,Sao Paulo,Group C,3,Italy,Paraguay,2,0,,,,(1:0)
1950,1950.16,Jul 02,1500,Estadio Mineiro,Belo Horizonte,Group D,1,Uruguay,Bolivia,8,0,,,,(4:0)
1950,1950.17,Jul 03,1500,Estadio Maracana,Rio de Janeiro,Final Pool,1,Brazil,Sweden,7,1,,,,(3:0)
1950,1950.18,Jul 09,1500,Estadio Pacaembu,Sao Paulo,Final Pool,2,Spain,Uruguay,2,2,,,,(2:1)
1950,1950.19,Jul 13,1500,Estadio Maracana,Rio de Janeiro,Final Pool,3,Brazil,Spain,6,1,,,,(3:0)
1950,1950.2,Jul 13,1500,Estadio Pacaembu,Sao Paulo,Final Pool,4,Uruguay,Sweden,3,2,,,,(1:2)
1950,1950.21,Jul 16,1500,Estadio Pacaembu,Sao Paulo,Final Pool,5,Sweden,Spain,3,1,,,,(2:0)
1950,1950.22,Jul 16,1500,Estadio Maracana,Rio de Janeiro,Final,1,Uruguay,Brazil,2,1,,,,(0:0)
1954,1954.01,Jun 16,1800,La Pontaise,Lausanne,Group A,1,Yugoslavia,France,1,0,,,,(1:0)
1954,1954.02,Jun 16,1800,Les Charmilles,Geneva,Group A,2,Brazil,Mexico,5,0,,,,(4:0)
1954,1954.09,Jun 19,1700,La Pontaise,Lausanne,Group A,3,Brazil,Yugoslavia,1,1,,,aet,"(0:0, 1:1, 1:1)"
1954,1954.1,Jun 19,1710,Les Charmilles,Geneva,Group A,4,France,Mexico,3,2,,,,(1:0)
1954,1954.05,Jun 17,1800,Sportzplatz Hardturm,Zurich,Group B,1,Hungary,South Korea,9,0,,,,(4:0)
1954,1954.06,Jun 17,1800,Wankdorf Stadion,Berne,Group B,2,West Germany,Turkey,4,1,,,,(1:1)
1954,1954.13,Jun 20,1650,St Jakob Stadion,Basle,Group B,3,Hungary,West Germany,8,3,,,,(3:1)
1954,1954.14,Jun 20,1700,Les Charmilles,Geneva,Group B,4,Turkey,South Korea,7,0,,,,(4:0)
1954,1954.17,Jun 23,1800,Sportzplatz Hardturm,Zurich,Group B Play-Off,5,West Germany,Turkey,7,2,,,,(3:1)
1954,1954.03,Jun 16,1800,Sportzplatz Hardturm,Zurich,Group C,1,Austria,Scotland,1,0,,,,(1:0)
1954,1954.04,Jun 16,1800,Wankdorf Stadion,Berne,Group C,2,Uruguay,Czechoslovakia,2,0,,,,(0:0)
1954,1954.11,Jun 19,1700,Sportzplatz Hardturm,Zurich,Group C,3,Austria,Czechoslovakia,5,0,,,,(4:0)
1954,1954.12,Jun 19,1650,St Jakob Stadion,Basle,Group C,4,Uruguay,Scotland,7,0,,,,(2:0)
1954,1954.07,Jun 17,1810,St Jakob Stadion,Basle,Group D,1,England,Belgium,4,4,,,aet,"(2:1, 3:3, 4:3)"
1954,1954.08,Jun 17,1750,La Pontaise,Lausanne,Group D,2,Switzerland,Italy,2,1,,,,(1:1)
1954,1954.15,Jun 20,1710,Wankdorf Stadion,Berne,Group D,3,England,Switzerland,2,0,,,,(0:0)
1954,1954.16,Jun 20,1700,Comunale di Cornaredo,Lugano,Group D,4,Italy,Belgium,4,1,,,,(1:0)
1954,1954.18,Jun 23,1800,St Jakob Stadion,Basle,Group D Play-Off,5,Switzerland,Italy,4,1,,,,(1:0)
1954,1954.19,Jun 26,1700,La Pontaise,Lausanne,Quarter-Finals,1,Austria,Switzerland,7,5,,,,(5:4)
1954,1954.2,Jun 26,1700,St Jakob Stadion,Basle,Quarter-Finals,2,Uruguay,England,4,2,,,,(2:1)
1954,1954.21,Jun 27,1700,Wankdorf Stadion,Berne,Quarter-Finals,3,Hungary,Brazil,4,2,,,,(2:1)
1954,1954.22,Jun 27,1700,Les Charmilles,Geneva,Quarter-Finals,4,West Germany,Yugoslavia,2,0,,,,(1:0)
1954,1954.23,Jun 30,1800,La Pontaise,Lausanne,Semi-Finals,1,Hungary,Uruguay,4,2,,,aet,"(1:0, 2:2, 2:2)"
1954,1954.24,Jun 30,1800,St Jakob Stadion,Basle,Semi-Finals,2,West Germany,Austria,6,1,,,,(1:0)
1954,1954.25,Jul 03,1700,Sportzplatz Hardturm,Zurich,3rd/4th Place Play-Off,1,Austria,Uruguay,3,1,,,,(1:1)
1954,1954.26,Jul 04,1700,Wankdorf Stadion,Berne,Final,1,West Germany,Hungary,3,2,,,,(2:2)
1958,1958.01,Jun 08,1900,Örjans Vall,Halmstad,Group A,1,Northern Ireland,Czechoslovakia,1,0,,,,(1:0)
1958,1958.02,Jun 08,1900,Malmö Stadion,Malmö,Group A,2,West Germany,Argentina,3,1,,,,(2:1)
1958,1958.09,Jun 11,1900,Örjans Vall,Halmstad,Group A,3,Argentina,Northern Ireland,3,1,,,,(1:1)
1958,1958.1,Jun 11,1900,Olympia,Hälsingborg,Group A,4,West Germany,Czechoslovakia,2,2,,,,(0:2)
1958,1958.17,Jun 15,1900,Malmö Stadion,Malmö,Group A,5,West Germany,Northern Ireland,2,2,,,,(1:1)
1958,1958.18,Jun 15,1900,Olympia,Hälsingborg,Group A,6,Czechoslovakia,Argentina,6,1,,,,(3:0)
1958,1958.25,Jun 17,1900,Malmö Stadion,Malmö,Group A Play-Off,7,Northern Ireland,Czechoslovakia,2,1,,,aet,(1:1)
1958,1958.03,Jun 08,1900,Arosvallen,Västerås,Group B,1,Scotland,Yugoslavia,1,1,,,,(0:1)
1958,1958.04,Jun 08,1900,Idrottsparken,Norrköping,Group B,2,France,Paraguay,7,3,,,,(2:2)
1958,1958.11,Jun 11,1900,Idrottsparken,Norrköping,Group B,3,Paraguay,Scotland,3,2,,,,(2:1)
1958,1958.12,Jun 11,NA,Arosvallen,Västerås,Group B,4,Yugoslavia,France,3,2,,,,(1:1)
1958,1958.19,Jun 15,1900,Eyravallen,Örebro,Group B,5,France,Scotland,2,1,,,,(2:0)
1958,1958.2,Jun 15,1900,Tunavallen,Eskilstuna,Group B,6,Paraguay,Yugoslavia,3,3,,,,(1:2)
1958,1958.05,Jun 08,1400,Råsunda Stadion,Solna,Group C,1,Sweden,Mexico,3,0,,,,(1:0)
1958,1958.06,Jun 08,1900,Jernvallen,Sandviken,Group C,2,Hungary,Wales,1,1,,,,(1:1)
1958,1958.13,Jun 11,1900,Råsunda Stadion,Solna,Group C,3,Mexico,Wales,1,1,,,,(0:1)
1958,1958.16,Jun 12,1900,Råsunda Stadion,Solna,Group C,4,Sweden,Hungary,2,1,,,,(1:0)
1958,1958.21,Jun 15,1400,Råsunda Stadion,Solna,Group C,5,Sweden,Wales,0,0,,,,(0:0)
1958,1958.22,Jun 15,1900,Jernvallen,Sandviken,Group C,6,Hungary,Mexico,4,0,,,,(1:0)
1958,1958.26,Jun 17,1900,Malmö Stadion,Malmö,Group C Play-Off,7,Wales,Hungary,2,1,,,,(0:1)
1958,1958.07,Jun 08,1900,Rimnersvallen,Uddevalla,Group D,1,Brazil,Austria,3,0,,,,(1:0)
1958,1958.08,Jun 08,1900,Nya Ullevi Stadion,Gothenburg,Group D,2,England,Soviet Union,2,2,,,,(0:1)
1958,1958.14,Jun 11,1900,Ryavallen,Borås,Group D,3,Soviet Union,Austria,2,0,,,,(1:0)
1958,1958.15,Jun 11,1900,Nya Ullevi Stadion,Gothenburg,Group D,4,Brazil,England,0,0,,,,(0:0)
1958,1958.23,Jun 15,1900,Ryavallen,Borås,Group D,5,Austria,England,2,2,,,,(1:0)
1958,1958.24,Jun 15,1900,Nya Ullevi Stadion,Gothenburg,Group D,6,Brazil,Soviet Union,2,0,,,,(1:0)
1958,1958.27,Jun 17,1900,Nya Ullevi Stadion,Gothenburg,Group D Play-Off,7,Soviet Union,England,1,0,,,,(0:0)
1958,1958.28,Jun 19,1900,Malmö Stadion,Malmö,Quarter-Finals,1,West Germany,Yugoslavia,1,0,,,,(1:0)
1958,1958.29,Jun 19,1400,Råsunda Stadion,Solna,Quarter-Finals,2,Sweden,Soviet Union,2,0,,,,(0:0)
1958,1958.3,Jun 19,1900,Idrottsparken,Norrköping,Quarter-Finals,3,France,Northern Ireland,4,0,,,,(1:0)
1958,1958.31,Jun 19,1900,Nya Ullevi Stadion,Gothenburg,Quarter-Finals,4,Brazil,Wales,1,0,,,,(0:0)
1958,1958.32,Jun 24,1900,Nya Ullevi Stadion,Gothenburg,Semi-Finals,1,Sweden,West Germany,3,1,,,,(1:1)
1958,1958.33,Jun 24,1900,Råsunda Stadion,Solna,Semi-Finals,2,Brazil,France,5,2,,,,(2:1)
1958,1958.34,Jun 28,1700,Nya Ullevi Stadion,Gothenburg,3rd/4th Place Play-Off,1,France,West Germany,6,3,,,,(3:1)
1958,1958.35,Jun 29,1500,Råsunda Stadion,Solna,Final,1,Brazil,Sweden,5,2,,,,(2:1)
1962,1962.01,May 30,1500,Estadio Carlos Dittborn,Arica,Group A,1,Uruguay,Colombia,2,1,,,,(0:1)
1962,1962.05,May 31,1500,Estadio Carlos Dittborn,Arica,Group A,2,Soviet Union,Yugoslavia,2,0,,,,(0:0)
1962,1962.09,Jun 02,1500,Estadio Carlos Dittborn,Arica,Group A,3,Yugoslavia,Uruguay,3,1,,,,(2:1)
1962,1962.13,Jun 03,1800,Estadio Carlos Dittborn,Arica,Group A,4,Soviet Union,Colombia,4,4,,,,(3:1)
1962,1962.17,Jun 06,1500,Estadio Carlos Dittborn,Arica,Group A,5,Soviet Union,Uruguay,2,1,,,,(1:0)
1962,1962.21,Jun 07,1500,Estadio Carlos Dittborn,Arica,Group A,6,Yugoslavia,Colombia,5,0,,,,(2:0)
1962,1962.02,May 30,1500,Estadio Nacional,Santiago,Group B,1,Chile,Switzerland,3,1,,,,(1:1)
1962,1962.06,May 31,1500,Estadio Nacional,Santiago,Group B,2,Italy,West Germany,0,0,,,,(0:0)
1962,1962.1,Jun 02,1500,Estadio Nacional,Santiago,Group B,3,Chile,Italy,2,0,,,,(0:0)
1962,1962.14,Jun 03,1500,Estadio Nacional,Santiago,Group B,4,West Germany,Switzerland,2,1,,,,(1:0)
1962,1962.18,Jun 06,1500,Estadio Nacional,Santiago,Group B,5,West Germany,Chile,2,0,,,,(1:0)
1962,1962.22,Jun 07,1500,Estadio Nacional,Santiago,Group B,6,Italy,Switzerland,3,0,,,,(1:0)
1962,1962.03,May 30,1500,Estadio Sausalito,Viña del Mar,Group C,1,Brazil,Mexico,2,0,,,,(0:0)
1962,1962.07,May 31,1500,Estadio Sausalito,Viña del Mar,Group C,2,Czechoslovakia,Spain,1,0,,,,(0:0)
1962,1962.11,Jun 02,1500,Estadio Sausalito,Viña del Mar,Group C,3,Brazil,Czechoslovakia,0,0,,,,(0:0)
1962,1962.15,Jun 03,1500,Estadio Sausalito,Viña del Mar,Group C,4,Spain,Mexico,1,0,,,,(0:0)
1962,1962.19,Jun 06,1500,Estadio Sausalito,Viña del Mar,Group C,5,Brazil,Spain,2,1,,,,(0:1)
1962,1962.23,Jun 07,NA,Estadio Sausalito,Viña del Mar,Group C,6,Mexico,Czechoslovakia,3,1,,,,(2:1)
1962,1962.04,May 30,1500,Estadio Braden,Rancagua,Group D,1,Argentina,Bulgaria,1,0,,,,(1:0)
1962,1962.08,May 31,1500,Estadio Braden,Rancagua,Group D,2,Hungary,England,2,1,,,,(1:0)
1962,1962.12,Jun 02,1500,Estadio Braden,Rancagua,Group D,3,England,Argentina,3,1,,,,(2:0)
1962,1962.16,Jun 03,NA,Estadio Braden,Rancagua,Group D,4,Hungary,Bulgaria,6,1,,,,(4:0)
1962,1962.2,Jun 06,NA,Estadio Braden,Rancagua,Group D,5,Argentina,Hungary,0,0,,,,(0:0)
1962,1962.24,Jun 07,NA,Estadio Braden,Rancagua,Group D,6,Bulgaria,England,0,0,,,,(0:0)
1962,1962.25,Jun 10,1430,Estadio Carlos Dittborn,Arica,Quarter-Finals,1,Chile,Soviet Union,2,1,,,,(2:1)
1962,1962.26,Jun 10,1430,Estadio Nacional,Santiago,Quarter-Finals,2,Yugoslavia,West Germany,1,0,,,,(0:0)
1962,1962.27,Jun 10,1430,Estadio Sausalito,Viña del Mar,Quarter-Finals,3,Brazil,England,3,1,,,,(1:1)
1962,1962.28,Jun 10,1430,Estadio Braden,Rancagua,Quarter-Finals,4,Czechoslovakia,Hungary,1,0,,,,(1:0)
1962,1962.29,Jun 13,1430,Estadio Nacional,Santiago,Semi-Finals,1,Brazil,Chile,4,2,,,,(2:1)
1962,1962.3,Jun 13,1430,Estadio Sausalito,Viña del Mar,Semi-Finals,2,Czechoslovakia,Yugoslavia,3,1,,,,(0:0)
1962,1962.31,Jun 16,1430,Estadio Nacional,Santiago,3rd/4th Place Play-Off,1,Chile,Yugoslavia,1,0,,,,(0:0)
1962,1962.32,Jun 17,1430,Estadio Nacional,Santiago,Final,1,Brazil,Czechoslovakia,3,1,,,,(1:1)
1966,1966.01,Jul 11,1930,Wembley Stadium,London,Group A,1,England,Uruguay,0,0,,,,(0:0)
1966,1966.05,Jul 13,1930,Wembley Stadium,London,Group A,2,France,Mexico,1,1,,,,(0:0)
1966,1966.09,Jul 15,1930,White City,London,Group A,3,Uruguay,France,2,1,,,,(2:1)
1966,1966.13,Jul 16,1500,Wembley Stadium,London,Group A,4,England,Mexico,2,0,,,,(1:0)
1966,1966.17,Jul 19,1630,Wembley Stadium,London,Group A,5,Mexico,Uruguay,0,0,,,,(0:0)
1966,1966.21,Jul 20,1930,Wembley Stadium,London,Group A,6,France,England,0,2,,,,(0:1)
1966,1966.02,Jul 12,1930,Hillsborough,Sheffield,Group B,1,West Germany,Switzerland,5,0,,,,(3:0)
1966,1966.06,Jul 13,1930,Villa Park,Birmingham,Group B,2,Argentina,Spain,2,1,,,,(0:0)
1966,1966.1,Jul 15,1930,Hillsborough,Sheffield,Group B,3,Spain,Switzerland,2,1,,,,(0:1)
1966,1966.14,Jul 16,1500,Villa Park,Birmingham,Group B,4,Argentina,West Germany,0,0,,,,(0:0)
1966,1966.18,Jul 19,1930,Hillsborough,Sheffield,Group B,5,Switzerland,Argentina,0,2,,,,(0:0)
1966,1966.22,Jul 20,1930,Villa Park,Birmingham,Group B,6,West Germany,Spain,2,1,,,,(1:1)
1966,1966.03,Jul 12,NA,Goodison Park,Liverpool,Group C,1,Brazil,Bulgaria,2,0,,,,(1:0)
1966,1966.07,Jul 13,1930,Old Trafford,Manchester,Group C,2,Portugal,Hungary,3,1,,,,(1:0)
1966,1966.11,Jul 15,1930,Goodison Park,Liverpool,Group C,3,Hungary,Brazil,3,1,,,,(1:1)
1966,1966.15,Jul 16,1500,Old Trafford,Manchester,Group C,4,Portugal,Bulgaria,3,0,,,,(2:0)
1966,1966.19,Jul 19,1930,Goodison Park,Liverpool,Group C,5,Brazil,Portugal,1,3,,,,(0:2)
1966,1966.23,Jul 20,1930,Old Trafford,Manchester,Group C,6,Bulgaria,Hungary,1,3,,,,(1:2)
1966,1966.04,Jul 12,1930,Ayresome Park,Middlesbrou,Group D,1,Soviet Union,North Korea,3,0,,,,(2:0)
1966,1966.08,Jul 13,1930,Roker Park,Sunderland,Group D,2,Italy,Chile,2,0,,,,(1:0)
1966,1966.12,Jul 15,1930,Ayresome Park,Middlesbrou,Group D,3,Chile,North Korea,1,1,,,,(1:0)
1966,1966.16,Jul 16,1500,Roker Park,Sunderland,Group D,4,Soviet Union,Italy,1,0,,,,(0:0)
1966,1966.2,Jul 19,1930,Ayresome Park,Middlesbrou,Group D,5,North Korea,Italy,1,0,,,,(1:0)
1966,1966.24,Jul 20,1930,Roker Park,Sunderland,Group D,6,Chile,Soviet Union,1,2,,,,(1:1)
1966,1966.25,Jul 23,1500,Hillsborough,Sheffield,Quarter-Finals,1,West Germany,Uruguay,4,0,,,,(1:0)
1966,1966.26,Jul 23,1500,Goodison Park,Liverpool,Quarter-Finals,2,Portugal,North Korea,5,3,,,,(2:3)
1966,1966.27,Jul 23,1500,Roker Park,Sunderland,Quarter-Finals,3,Soviet Union,Hungary,2,1,,,,(1:0)
1966,1966.28,Jul 23,1930,Wembley Stadium,London,Quarter-Finals,4,England,Argentina,1,0,,,,(0:0)
1966,1966.29,Jul 25,1930,Goodison Park,Liverpool,Semi-Finals,1,West Germany,Soviet Union,2,1,,,,(1:0)
1966,1966.3,Jul 26,1930,Wembley Stadium,London,Semi-Finals,2,England,Portugal,2,1,,,,(1:0)
1966,1966.31,Jul 28,1930,Wembley Stadium,London,3rd/4th Place Play-Off,1,Portugal,Soviet Union,2,1,,,,(1:1)
1966,1966.32,Jul 30,1500,Wembley Stadium,London,Final,1,England,West Germany,4,2,,,,"(1:1, 2:2, 3:2)"
1970,1970.01,May 31,1200,Estadio Azteca,Mexico City,Group A,1,Mexico,Soviet Union,0,0,,,,(0:0)
1970,1970.05,Jun 03,1600,Estadio Azteca,Mexico City,Group A,2,Belgium,El Salvador,3,0,,,,(1:0)
1970,1970.09,Jun 06,1600,Estadio Aztéca,Mexico City,Group A,3,Soviet Union,Belgium,4,1,,,,(1:0)
1970,1970.13,Jun 07,1200,Estadio Azteca,Mexico City,Group A,4,Mexico,El Salvador,4,0,,,,(1:0)
1970,1970.17,Jun 10,1600,Estadio Azteca,Mexico City,Group A,5,El Salvador,Soviet Union,0,2,,,,(0:0)
1970,1970.21,Jun 11,1600,Estadio Azteca,Mexico City,Group A,6,Belgium,Mexico,0,1,,,,(0:1)
1970,1970.02,Jun 02,1609,Estadio Cuauhtemoc,Puebla,Group B,1,Uruguay,Israel,2,0,,,,(1:0)
1970,1970.06,Jun 03,1600,Estadio La Bombonera,Toluca,Group B,2,Italy,Sweden,1,0,,,,(1:0)
1970,1970.1,Jun 06,1600,Estadio Cuauhtemoc,Puebla,Group B,3,Uruguay,Italy,0,0,,,,(0:0)
1970,1970.14,Jun 07,1200,Estadio La Bombonera,Toluca,Group B,4,Israel,Sweden,1,1,,,,(0:0)
1970,1970.18,Jun 10,1600,Estadio Cuauhtemoc,Puebla,Group B,5,Sweden,Uruguay,1,0,,,,(0:0)
1970,1970.22,Jun 11,1600,Estadio La Bombonera,Toluca,Group B,6,Italy,Israel,0,0,,,,(0:0)
1970,1970.03,Jun 02,1600,Estadio Jalisco,Guadalajara,Group C,1,England,Romania,1,0,,,,(0:0)
1970,1970.07,Jun 03,1600,Estadio Jalisco,Guadalajara,Group C,2,Brazil,Czechoslovakia,4,1,,,,(1:1)
1970,1970.11,Jun 06,1600,Estadio Jalisco,Guadalajara,Group C,3,Romania,Czechoslovakia,2,1,,,,(0:1)
1970,1970.15,Jun 07,1200,Estadio Jalisco,Guadalajara,Group C,4,Brazil,England,1,0,,,,(0:0)
1970,1970.19,Jun 10,1600,Estadio Jalisco,Guadalajara,Group C,5,Romania,Brazil,2,3,,,,(1:2)
1970,1970.23,Jun 11,1600,Estadio Jalisco,Guadalajara,Group C,6,Czechoslovakia,England,0,1,,,,(0:0)
1970,1970.04,Jun 02,1600,Estadio Guanajuato,Leon,Group D,1,Peru,Bulgaria,3,2,,,,(0:1)
1970,1970.08,Jun 03,1600,Estadio Guanajuato,Leon,Group D,2,Morocco,West Germany,1,2,,,,(1:0)
1970,1970.12,Jun 06,1600,Estadio Guanajuato,Leon,Group D,3,Peru,Morocco,3,0,,,,(0:0)
1970,1970.16,Jun 07,1200,Estadio Guanajuato,Leon,Group D,4,West Germany,Bulgaria,5,2,,,,(2:1)
1970,1970.2,Jun 10,1600,Estadio Guanajuato,Leon,Group D,5,West Germany,Peru,3,1,,,,(3:1)
1970,1970.24,Jun 11,1600,Estadio Guanajuato,Leon,Group D,6,Bulgaria,Morocco,1,1,,,,(1:0)
1970,1970.25,Jun 14,1200,Estadio Guanajuato,Leon,Quarter-Finals,1,West Germany,England,3,2,,,aet,"(0:1, 2:2, 3:2)"
1970,1970.26,Jun 14,1200,Estadio La Bombonera,Toluca,Quarter-Finals,2,Italy,Mexico,4,1,,,,(1:1)
1970,1970.27,Jun 14,1200,Estadio Jalisco,Guadalajara,Quarter-Finals,3,Brazil,Peru,4,2,,,,(2:1)
1970,1970.28,Jun 14,1200,Estadio Azteca,Mexico City,Quarter-Finals,4,Soviet Union,Uruguay,0,1,,,aet,"(0:0, 0:0, 0:1)"
1970,1970.29,Jun 17,1600,Estadio Azteca,Mexico City,Semi-Finals,1,West Germany,Italy,3,4,,,aet,"(0:1, 1:1, 2:3)"
1970,1970.3,Jun 17,1600,Estadio Jalisco,Guadalajara,Semi-Finals,2,Brazil,Uruguay,3,1,,,,(1:1)
1970,1970.31,Jun 20,1600,Estadio Azteca,Mexico City,3rd/4th Place Play-Off,1,West Germany,Uruguay,1,0,,,,(1:0)
1970,1970.32,Jun 21,1200,Estadio Azteca,Mexico City,Final,1,Brazil,Italy,4,1,,,,(1:1)
1974,1974.02,Jun 14,1630,Olympiastadion,Berlin,Group A,1,West Germany,Chile,1,0,,,,(1:0)
1974,1974.03,Jun 14,1930,Volksparkstadion,Hamburg,Group A,2,East Germany,Australia,2,0,,,,(0:0)
1974,1974.09,Jun 18,1600,Volksparkstadion,Hamburg,Group A,3,West Germany,Australia,3,0,,,,(2:0)
1974,1974.1,Jun 18,1930,Olympiastadion,Berlin,Group A,4,Chile,East Germany,1,1,,,,(0:0)
1974,1974.17,Jun 22,1600,Olympiastadion,Berlin,Group A,5,Australia,Chile,0,0,,,,(0:0)
1974,1974.18,Jun 22,1930,Volksparkstadion,Hamburg,Group A,6,East Germany,West Germany,1,0,,,,(0:0)
1974,1974.01,Jun 13,1700,Waldstadion,Frankfurt,Group B,1,Brazil,Yugoslavia,0,0,,,,(0:0)
1974,1974.04,Jun 14,1930,Westfalenstadion,Dortmund,Group B,2,Zaire,Scotland,0,2,,,,(0:2)
1974,1974.11,Jun 18,1930,Waldstadion,Frankfurt,Group B,3,Scotland,Brazil,0,0,,,,(0:0)
1974,1974.12,Jun 18,1930,Parkstadion,Gelsenkirchen,Group B,4,Yugoslavia,Zaire,9,0,,,,(6:0)
1974,1974.19,Jun 22,1800,Waldstadion,Frankfurt,Group B,5,Scotland,Yugoslavia,1,1,,,,(0:0)
1974,1974.2,Jun 22,1800,Parkstadion,Gelsenkirchen,Group B,6,Brazil,Zaire,3,0,,,,(1:0)
1974,1974.05,Jun 15,1600,Rheinstadion,Düsseldorf,Group C,1,Bulgaria,Sweden,0,0,,,,(0:0)
1974,1974.06,Jun 15,1800,Niedersachsenstadion,Hannover,Group C,2,Netherlands,Uruguay,2,0,,,,(1:0)
1974,1974.13,Jun 19,1930,Westfalenstadion,Dortmund,Group C,3,Sweden,Netherlands,0,0,,,,(0:0)
1974,1974.14,Jun 19,1930,Niedersachsenstadion,Hannover,Group C,4,Uruguay,Bulgaria,1,1,,,,(0:0)
1974,1974.21,Jun 23,1600,Westfalenstadion,Dortmund,Group C,5,Netherlands,Bulgaria,4,1,,,,(2:0)
1974,1974.22,Jun 23,1600,Rheinstadion,Düsseldorf,Group C,6,Sweden,Uruguay,3,0,,,,(0:0)
1974,1974.07,Jun 15,1800,Olympiastadion,Munich,Group D,1,Italy,Haiti,3,1,,,,(0:0)
1974,1974.08,Jun 15,1800,Neckarstadion,Stuttgart,Group D,2,Poland,Argentina,3,2,,,,(2:0)
1974,1974.15,Jun 19,1930,Neckarstadion,Stuttgart,Group D,3,Argentina,Italy,1,1,,,,(1:1)
1974,1974.16,Jun 19,1930,Olympiastadion,Munich,Group D,4,Poland,Haiti,7,0,,,,(5:0)
1974,1974.23,Jun 23,1600,Olympiastadion,Munich,Group D,5,Haiti,Argentina,1,4,,,,(0:2)
1974,1974.24,Jun 23,1600,Neckarstadion,Stuttgart,Group D,6,Italy,Poland,1,2,,,,(0:2)
1974,1974.25,Jun 26,1930,Niedersachsenstadion,Hannover,Second Round Group 1,1,Brazil,East Germany,1,0,,,,(0:0)
1974,1974.26,Jun 26,1930,Parkstadion,Gelsenkirchen,Second Round Group 1,2,Netherlands,Argentina,4,0,,,,(2:0)
1974,1974.29,Jun 30,1600,Parkstadion,Gelsenkirchen,Second Round Group 1,3,East Germany,Netherlands,0,2,,,,(0:1)
1974,1974.3,Jun 30,1600,Niedersachsenstadion,Hannover,Second Round Group 1,4,Brazil,Argentina,2,1,,,,(1:1)
1974,1974.33,Jul 03,1930,Westfalenstadion,Dortmund,Second Round Group 1,5,Netherlands,Brazil,2,0,,,,(0:0)
1974,1974.34,Jul 03,1930,Parkstadion,Gelsenkirchen,Second Round Group 1,6,Argentina,East Germany,1,1,,,,(1:1)
1974,1974.27,Jun 26,1800,Rheinstadion,Düsseldorf,Second Round Group 2,1,West Germany,Yugoslavia,2,0,,,,(1:0)
1974,1974.28,Jun 26,1930,Neckarstadion,Stuttgart,Second Round Group 2,2,Poland,Sweden,1,0,,,,(1:0)
1974,1974.31,Jun 30,1800,Waldstadion,Frankfurt,Second Round Group 2,3,Yugoslavia,Poland,1,2,,,,(1:1)
1974,1974.32,Jun 30,1930,Rheinstadion,Düsseldorf,Second Round Group 2,4,West Germany,Sweden,4,2,,,,(0:1)
1974,1974.35,Jul 03,1630,Waldstadion,Frankfurt,Second Round Group 2,5,Poland,West Germany,0,1,,,,(0:0)
1974,1974.36,Jul 03,1930,Rheinstadion,Düsseldorf,Second Round Group 2,6,Sweden,Yugoslavia,2,1,,,,(1:1)
1974,1974.37,Jul 06,1800,Olympiastadion,Munich,3rd/4th Place Play-Off,1,Poland,Brazil,1,0,,,,(0:0)
1974,1974.38,Jul 07,1600,Olympiastadion,Munich,Final,1,West Germany,Netherlands,2,1,,,,(2:1)
1978,1978.02,Jun 02,1345,Estadio Mar del Plata,Mar Del Plata,Group A,1,Italy,France,2,1,,,,(1:1)
1978,1978.03,Jun 02,1915,Estadio Monumental,Buenos Aires,Group A,2,Argentina,Hungary,2,1,,,,(1:1)
1978,1978.09,Jun 06,1345,Estadio Mar del Plata,Mar Del Plata,Group A,3,Hungary,Italy,1,3,,,,(0:2)
1978,1978.1,Jun 06,1915,Estadio Monumental,Buenos Aires,Group A,4,France,Argentina,1,2,,,,(0:1)
1978,1978.17,Jun 10,1430,Estadio Mar del Plata,Mar Del Plata,Group A,5,France,Hungary,3,1,,,,(3:1)
1978,1978.18,Jun 10,1915,Estadio Monumental,Buenos Aires,Group A,6,Argentina,Italy,0,1,,,,(0:0)
1978,1978.01,Jun 01,1500,Estadio Monumental,Buenos Aires,Group B,1,Poland,West Germany,0,0,,,,(0:0)
1978,1978.04,Jun 02,1645,Estadio Rosario,Rosario,Group B,2,Tunisia,Mexico,3,1,,,,(0:1)
1978,1978.11,Jun 06,1645,Estadio Rosario,Rosario,Group B,3,Poland,Tunisia,1,0,,,,(1:0)
1978,1978.12,Jun 06,1645,Estadio Cordoba,Cordoba,Group B,4,West Germany,Mexico,6,0,,,,(4:0)
1978,1978.19,Jun 10,1645,Estadio Cordoba,Cordoba,Group B,5,Tunisia,West Germany,0,0,,,,(0:0)
1978,1978.2,Jun 10,1645,Estadio Rosario,Rosario,Group B,6,Mexico,Poland,1,3,,,,(0:1)
1978,1978.05,Jun 03,1345,Estadio Mar del Plata,Mar Del Plata,Group C,1,Sweden,Brazil,1,1,,,,(1:1)
1978,1978.06,Jun 03,1345,Estadio José Amalfitani,Buenos Aires,Group C,2,Austria,Spain,2,1,,,,(1:1)
1978,1978.13,Jun 07,1345,Estadio José Amalfitani,Buenos Aires,Group C,3,Austria,Sweden,1,0,,,,(1:0)
1978,1978.14,Jun 07,1345,Estadio Mar del Plata,Mar Del Plata,Group C,4,Brazil,Spain,0,0,,,,(0:0)
1978,1978.21,Jun 11,1345,Estadio Mar del Plata,Mar Del Plata,Group C,5,Brazil,Austria,1,0,,,,(1:0)
1978,1978.22,Jun 11,1345,Estadio José Amalfitani,Buenos Aires,Group C,6,Spain,Sweden,1,0,,,,(0:0)
1978,1978.07,Jun 03,1645,Estadio Mendoza,Mendoza,Group D,1,Netherlands,Iran,3,0,,,,(1:0)
1978,1978.08,Jun 03,1645,Estadio Cordoba,Cordoba,Group D,2,Peru,Scotland,3,1,,,,(1:1)
1978,1978.15,Jun 07,1645,Estadio Mendoza,Mendoza,Group D,3,Netherlands,Peru,0,0,,,,(0:0)
1978,1978.16,Jun 07,1645,Estadio Cordoba,Cordoba,Group D,4,Iran,Scotland,1,1,,,,(0:1)
1978,1978.23,Jun 11,1645,Estadio Cordoba,Cordoba,Group D,5,Peru,Iran,4,1,,,,(3:1)
1978,1978.24,Jun 11,1645,Estadio Mendoza,Mendoza,Group D,6,Scotland,Netherlands,3,2,,,,(1:1)
1978,1978.25,Jun 14,1345,Estadio Monumental,Buenos Aires,Second Round Group 1,1,Italy,West Germany,0,0,,,,(0:0)
1978,1978.26,Jun 14,1345,Estadio Cordoba,Cordoba,Second Round Group 1,2,Netherlands,Austria,5,1,,,,(3:0)
1978,1978.29,Jun 18,1645,Estadio Cordoba,Cordoba,Second Round Group 1,3,West Germany,Netherlands,2,2,,,,(1:1)
1978,1978.3,Jun 18,1645,Estadio Monumental,Buenos Aires,Second Round Group 1,4,Italy,Austria,1,0,,,,(1:0)
1978,1978.33,Jun 21,1345,Estadio Monumental,Buenos Aires,Second Round Group 1,5,Netherlands,Italy,2,1,,,,(0:1)
1978,1978.34,Jun 21,1345,Estadio Cordoba,Cordoba,Second Round Group 1,6,Austria,West Germany,3,2,,,,(0:1)
1978,1978.27,Jun 14,1645,Estadio Mendoza,Mendoza,Second Round Group 2,1,Brazil,Peru,3,0,,,,(2:0)
1978,1978.28,Jun 14,1915,Estadio Rosario,Rosario,Second Round Group 2,2,Argentina,Poland,2,0,,,,(1:0)
1978,1978.31,Jun 18,1345,Estadio Mendoza,Mendoza,Second Round Group 2,3,Peru,Poland,0,1,,,,(0:0)
1978,1978.32,Jun 18,1915,Estadio Rosario,Rosario,Second Round Group 2,4,Brazil,Argentina,0,0,,,,(0:0)
1978,1978.35,Jun 21,1645,Estadio Mendoza,Mendoza,Second Round Group 2,5,Poland,Brazil,1,3,,,,(1:1)
1978,1978.36,Jun 21,1915,Estadio Rosario,Rosario,Second Round Group 2,6,Argentina,Peru,6,0,,,,(2:0)
1978,1978.37,Jun 24,1500,Estadio Monumental,Buenos Aires,3rd/4th Place Play-Off,1,Brazil,Italy,2,1,,,,(0:1)
1978,1978.38,Jun 25,1500,Estadio Monumental,Buenos Aires,Final,1,Argentina,Netherlands,3,1,,,,"(1:0, 1:1, 2:1)"
1982,1982.02,Jun 14,1715,Estadio Balaidos,Vigo,Group A,1,Italy,Poland,0,0,,,,(0:0)
1982,1982.04,Jun 15,1715,Estadio Riazor,La Coruña,Group A,2,Cameroon,Peru,0,0,,,,(0:0)
1982,1982.13,Jun 18,1715,Estadio Balaidos,Vigo,Group A,3,Italy,Peru,1,1,,,,(1:0)
1982,1982.16,Jun 19,1715,Estadio Riazor,La Coruña,Group A,4,Cameroon,Poland,0,0,,,,(0:0)
1982,1982.25,Jun 22,1715,Estadio Riazor,La Coruña,Group A,5,Poland,Peru,5,1,,,,(0:0)
1982,1982.28,Jun 23,1715,Estadio Balaidos,Vigo,Group A,6,Cameroon,Italy,1,1,,,,(0:1)
1982,1982.07,Jun 16,1715,Estadio El Molinón,Gijon,Group B,1,Algeria,West Germany,2,1,,,,(0:0)
1982,1982.1,Jun 17,1715,Estadio Carlos Tartiere,Oviedo,Group B,2,Austria,Chile,1,0,,,,(1:0)
1982,1982.19,Jun 20,1715,Estadio El Molinón,Gijon,Group B,3,West Germany,Chile,4,1,,,,(1:0)
1982,1982.22,Jun 21,NA,Estadio Carlos Tartiere,Oviedo,Group B,4,Austria,Algeria,2,0,,,,(0:0)
1982,1982.31,Jun 24,1715,Estadio Carlos Tartiere,Oviedo,Group B,5,Algeria,Chile,3,2,,,,(3:0)
1982,1982.34,Jun 25,NA,Estadio Balaidos,Gijon,Group B,6,West Germany,Austria,1,0,,,,(1:0)
1982,1982.01,Jun 13,2000,Estadio Nou Camp,Barcelona,Group C,1,Belgium,Argentina,1,0,,,,(0:0)
1982,1982.05,Jun 15,2100,Nuevo Estadio,Elche,Group C,2,Hungary,El Salvador,10,1,,,,(3:0)
1982,1982.14,Jun 18,2100,Estadio José Rico Pérez,Alicante,Group C,3,Argentina,Hungary,4,1,,,,(2:0)
1982,1982.17,Jun 19,2100,Nuevo Estadio,Elche,Group C,4,Belgium,El Salvador,1,0,,,,(1:0)
1982,1982.26,Jun 22,2100,Nuevo Estadio,Elche,Group C,5,Belgium,Hungary,1,1,,,,(0:1)
1982,1982.29,Jun 23,2100,Estadio José Rico Perez,Alicante,Group C,6,Argentina,El Salvador,2,0,,,,(1:0)
1982,1982.08,Jun 16,1715,Estadio San Mamés,Bilbao,Group D,1,England,France,3,1,,,,(1:1)
1982,1982.11,Jun 17,1715,Nueva Estadio José Zorilla,Valladolid,Group D,2,Czechoslovakia,Kuwait,1,1,,,,(1:0)
1982,1982.2,Jun 20,1715,Estadio San Mamés,Bilbao,Group D,3,England,Czechoslovakia,2,0,,,,(0:0)
1982,1982.23,Jun 21,1715,Nuevo Estadio José Zorilla,Valladolid,Group D,4,France,Kuwait,4,1,,,,(2:0)
1982,1982.32,Jun 24,1715,Nuevo Estadio José Zorilla,Valladolid,Group D,5,Czechoslovakia,France,1,1,,,,(0:0)
1982,1982.35,Jun 25,1715,Estadio San Mamés,Bilbao,Group D,6,England,Kuwait,1,0,,,,(1:0)
1982,1982.09,Jun 16,2100,Estadio Luis Casanova,Valencia,Group E,1,Spain,Honduras,1,1,,,,(0:1)
1982,1982.12,Jun 17,2100,Estadio La Romereda,Zaragoza,Group E,2,Northern Ireland,Yugoslavia,0,0,,,,(0:0)
1982,1982.21,Jun 20,2100,Estadio Luis Casanova,Valencia,Group E,3,Spain,Yugoslavia,2,1,,,,(1:1)
1982,1982.24,Jun 21,2100,Estadio La Romereda,Zaragoza,Group E,4,Honduras,Northern Ireland,1,1,,,,(0:1)
1982,1982.33,Jun 24,2100,Estadio La Romereda,Zaragoza,Group E,5,Yugoslavia,Honduras,1,0,,,,(0:0)
1982,1982.36,Jun 25,2100,Estadio Luis Casanova,Valencia,Group E,6,Northern Ireland,Spain,1,0,,,,(0:0)
1982,1982.03,Jun 14,2100,Estadio Sanchez Pizjuan,Seville,Group F,1,Brazil,Soviet Union,2,1,,,,(0:1)
1982,1982.06,Jun 15,2100,Estadio La Rosaleda,Malaga,Group F,2,Scotland,New Zealand,5,2,,,,(3:0)
1982,1982.15,Jun 18,2100,Estadio Benito Villamarin,Seville,Group F,3,Brazil,Scotland,4,1,,,,(1:1)
1982,1982.18,Jun 19,2100,Estadio La Rosaleda,Malaga,Group F,4,Soviet Union,New Zealand,3,0,,,,(1:0)
1982,1982.27,Jun 22,2100,Estadio La Rosaleda,Malaga,Group F,5,Scotland,Soviet Union,2,2,,,,(1:0)
1982,1982.3,Jun 23,2100,Estadio Benito Villamarin,Seville,Group F,6,Brazil,New Zealand,4,0,,,,(2:0)
1982,1982.37,Jun 28,2100,Estadio Nou Camp,Barcelona,Second Round Group 1,1,Poland,Belgium,3,0,,,,(2:0)
1982,1982.41,Jul 01,2100,Estadio Nou Camp,Barcelona,Second Round Group 1,2,Soviet Union,Belgium,1,0,,,,(0:0)
1982,1982.45,Jul 04,2100,Estadio Nou Camp,Barcelona,Second Round Group 1,3,Poland,Soviet Union,0,0,,,,(0:0)
1982,1982.39,Jun 29,2100,Estadio Santiago Bernabeu,Madrid,Second Round Group 2,1,England,West Germany,0,0,,,,(0:0)
1982,1982.43,Jul 02,2100,Estadio Santiago Bernabeu,Madrid,Second Round Group 2,2,West Germany,Spain,2,1,,,,(0:0)
1982,1982.47,Jul 05,2100,Estadio Santiago Bernabeu,Madrid,Second Round Group 2,3,England,Spain,0,0,,,,(0:0)
1982,1982.4,Jun 29,1715,Estadio Sarria,Barcelona,Second Round Group 3,1,Italy,Argentina,2,1,,,,(0:0)
1982,1982.44,Jul 02,1715,Estadio Sarria,Barcelona,Second Round Group 3,2,Brazil,Argentina,3,1,,,,(1:0)
1982,1982.48,Jul 05,1715,Estadio Sarria,Barcelona,Second Round Group 3,3,Italy,Brazil,3,2,,,,(2:1)
1982,1982.38,Jun 28,1715,Estadio Vicente Calderon,Madrid,Second Round Group 4,1,France,Austria,1,0,,,,(1:0)
1982,1982.42,Jul 01,1715,Estadio Vicente Calderon,Madrid,Second Round Group 4,2,Austria,Northern Ireland,2,2,,,,(0:1)
1982,1982.46,Jul 04,1715,Estadio Vicente Calderon,Madrid,Second Round Group 4,3,France,Northern Ireland,4,1,,,,(1:0)
1982,1982.49,Jul 08,1715,Estadio Nou Camp,Barcelona,Semi-Finals,1,Italy,Poland,2,0,,,,(1:0)
1982,1982.5,Jul 08,2100,Estadio Sanchez Pizjuan,Seville,Semi-Finals,2,West Germany,France,3,3,5,4,pens,"(1:1, 1:1, 2:3)  p 5-4"
1982,1982.51,Jul 10,2000,Estadio José Rico Perez,Alicante,3rd/4th Place Play-Off,1,Poland,France,3,2,,,,(2:1)
1982,1982.52,Jul 11,2000,Estadio Bernabeu,Madrid,Final,1,Italy,West Germany,3,1,,,,(0:0)
1986,1986.01,May 31,1200,Estadio Azteca,Mexico City,Group A,1,Italy,Bulgaria,1,1,,,,(1:0)
1986,1986.04,Jun 02,1200,Estadio Olimpico '68,Mexico City,Group A,2,Argentina,South Korea,3,1,,,,(2:0)
1986,1986.13,Jun 05,1200,Estadio Cuauhtemoc,Puebla,Group A,3,Italy,Argentina,1,1,,,,(1:1)
1986,1986.14,Jun 05,1600,Estadio Olimpico '68,Mexico City,Group A,4,South Korea,Bulgaria,1,1,,,,(0:1)
1986,1986.27,Jun 10,1200,Estadio Cuauhtemoc,Puebla,Group A,5,South Korea,Italy,2,3,,,,(0:1)
1986,1986.28,Jun 10,1200,Estadio Olimpico '68,Mexico City,Group A,6,Argentina,Bulgaria,2,0,,,,(1:0)
1986,1986.07,Jun 03,1200,Estadio Azteca,Mexico City,Group B,1,Belgium,Mexico,1,2,,,,(1:2)
1986,1986.1,Jun 04,1200,Estadio Bombonera,Toluca,Group B,2,Paraguay,Iraq,1,0,,,,(1:0)
1986,1986.19,Jun 07,1200,Estadio Azteca,Mexico City,Group B,3,Mexico,Paraguay,1,1,,,,(1:1)
1986,1986.22,Jun 08,1200,Estadio Bombonera,Toluca,Group B,4,Iraq,Belgium,1,2,,,,(0:2)
1986,1986.29,Jun 11,1200,Estadio Azteca,Mexico City,Group B,5,Mexico,Iraq,1,0,,,,(0:0)
1986,1986.3,Jun 11,NA,Estadio Bombonera,Toluca,Group B,6,Paraguay,Belgium,2,2,,,,(0:1)
1986,1986.02,Jun 01,1600,Estadio León,Leon,Group C,1,Canada,France,0,1,,,,(0:0)
1986,1986.05,Jun 02,1200,Estadio Irapuato,Irapuato,Group C,2,Soviet Union,Hungary,6,0,,,,(3:0)
1986,1986.15,Jun 05,1200,Estadio León,Leon,Group C,3,France,Soviet Union,1,1,,,,(0:0)
1986,1986.16,Jun 06,1200,Estadio Irapuato,Irapuato,Group C,4,Hungary,Canada,2,0,,,,(1:0)
1986,1986.25,Jun 09,1200,Estadio León,Leon,Group C,5,Hungary,France,0,3,,,,(0:1)
1986,1986.26,Jun 09,1200,Estadio Irapuato,Irapuato,Group C,6,Soviet Union,Canada,2,0,,,,(0:0)
1986,1986.03,Jun 01,1200,Estadio Jalisco,Guadalajara,Group D,1,Spain,Brazil,0,1,,,,(0:0)
1986,1986.08,Jun 03,1200,Estadio Trez de Marzo,Guadalajara,Group D,2,Algeria,Northern Ireland,1,1,,,,(0:1)
1986,1986.17,Jun 06,1200,Estadio Jalisco,Guadalajara,Group D,3,Brazil,Algeria,1,0,,,,(1:0)
1986,1986.2,Jun 07,1200,Estadio Trez de Marzo,Guadalajara,Group D,4,Northern Ireland,Spain,1,2,,,,(0:2)
1986,1986.33,Jun 12,1200,Estadio Jalisco,Guadalajara,Group D,5,Northern Ireland,Brazil,0,3,,,,(0:2)
1986,1986.34,Jun 12,1200,Estadio Tecnologico,Monterrey,Group D,6,Algeria,Spain,0,3,,,,(0:1)
1986,1986.11,Jun 04,1200,Estadio La Corregidora,Queretaro,Group E,1,Uruguay,West Germany,1,1,,,,(1:0)
1986,1986.12,Jun 04,1600,Estadio Neza '86,Nezahualcoyotl,Group E,2,Scotland,Denmark,0,1,,,,(0:0)
1986,1986.23,Jun 08,1200,Estadio La Corregidora,Queretaro,Group E,3,West Germany,Scotland,2,1,,,,(1:1)
1986,1986.24,Jun 08,1600,Estadio Neza '86,Nezahualcoyotl,Group E,4,Denmark,Uruguay,6,1,,,,(2:1)
1986,1986.35,Jun 13,1200,Estadio La Corregidora,Queretaro,Group E,5,Denmark,West Germany,2,0,,,,(1:0)
1986,1986.36,Jun 13,1200,Estadio Neza '86,Nezahualcoyotl,Group E,6,Scotland,Uruguay,0,0,,,,(0:0)
1986,1986.06,Jun 02,1600,Estadio Universitario,Monterrey,Group F,1,Morocco,Poland,0,0,,,,(0:0)
1986,1986.09,Jun 03,1600,Estadio Tecnologico,Monterrey,Group F,2,Portugal,England,1,0,,,,(0:0)
1986,1986.18,Jun 06,1600,Estadio Tecnologico,Monterrey,Group F,3,England,Morocco,0,0,,,,(0:0)
1986,1986.21,Jun 07,1600,Estadio Universitario,Monterrey,Group F,4,Poland,Portugal,1,0,,,,(0:0)
1986,1986.31,Jun 11,1600,Estadio Universitario,Monterrey,Group F,5,England,Poland,3,0,,,,(3:0)
1986,1986.32,Jun 11,1600,Estadio 3 de Marzo,Guadalajara,Group F,6,Portugal,Morocco,1,3,,,,(0:2)
1986,1986.37,Jun 15,1200,Estadio Azteca,Mexico City,Second Round,1,Mexico,Bulgaria,2,0,,,,(1:0)
1986,1986.38,Jun 15,1600,Estadio Sergio Leon,Leon,Second Round,2,Soviet Union,Belgium,3,4,,,aet,"(1:0, 2:2, 2:3)"
1986,1986.39,Jun 16,1200,Estadio Jalisco,Guadalajara,Second Round,3,Brazil,Poland,4,0,,,,(1:0)
1986,1986.4,Jun 16,1600,Estadio Cuauhtemoc,Puebla,Second Round,4,Argentina,Uruguay,1,0,,,,(0:0)
1986,1986.41,Jun 17,1200,Estadio Olimpico '68,Mexico City,Second Round,5,Italy,France,0,2,,,,(0:1)
1986,1986.42,Jun 17,1600,Estadio Universitario,Monterrey,Second Round,6,Morocco,West Germany,0,1,,,,(0:0)
1986,1986.43,Jun 18,1200,Estadio Azteca,Mexico City,Second Round,7,England,Paraguay,3,0,,,,(1:0)
1986,1986.44,Jun 18,1600,Estadio La Corregidora,Queretaro,Second Round,8,Denmark,Spain,1,5,,,,(1:1)
1986,1986.45,Jun 21,1200,Estadio Jalisco,Guadalajara,Quarter-Finals,1,Brazil,France,1,1,3,4,pens,"(1:1, 1:1, 1:1)  p 3-4"
1986,1986.46,Jun 21,1600,Estadio Universitario,Monterrey,Quarter-Finals,2,West Germany,Mexico,0,0,4,1,pens,"(0:0, 0:0. 0:0)  p 4-1"
1986,1986.47,Jun 22,1200,Estadio Azteca,Mexico City,Quarter-Finals,3,Argentina,England,2,1,,,,(0:0)
1986,1986.48,Jun 22,1600,Estadio Cuauhtemoc,Puebla,Quarter-Finals,4,Spain,Belgium,1,1,4,5,pens,"(0:1, 1:1, 1:1)  p 4-5"
1986,1986.49,Jun 25,1200,Estadio Jalisco,Guadalajara,Semi-Finals,1,France,West Germany,0,2,,,,(0:1)
1986,1986.5,Jun 25,1600,Estadio Azteca,Mexico City,Semi-Finals,2,Belgium,Argentina,0,2,,,,(0:0)
1986,1986.51,Jun 28,1200,Estadio Cuauhtemoc,Puebla,3rd/4th Place Play-Off,1,France,Belgium,4,2,,,aet,"(2:1, 2:2, 3:2)"
1986,1986.52,Jun 29,1200,Estadio Azteca,Mexico City,Final,1,Argentina,West Germany,3,2,,,,(1:0)
1990,1990.02,Jun 09,2100,Stadio Olimpico,Rome,Group A,1,Italy,Austria,1,0,,,,(0:0)
1990,1990.05,Jun 10,1700,Stadio Communale,Florence,Group A,2,Czechoslovakia,United States,5,1,,,,(2:0)
1990,1990.14,Jun 14,2100,Stadio Olimpico,Rome,Group A,3,Italy,United States,1,0,,,,(1:0)
1990,1990.17,Jun 15,1700,Stadio Communale,Florence,Group A,4,Austria,Czechoslovakia,0,1,,,,(0:1)
1990,1990.27,Jun 19,2100,Stadio Olimpico,Rome,Group A,5,Czechoslovakia,Italy,0,2,,,,(0:1)
1990,1990.28,Jun 19,2100,Stadio Communale,Florence,Group A,6,United States,Austria,1,2,,,,(0:0)
1990,1990.01,Jun 08,1800,Stadio Giuseppe Meazza (San Siro),Milan,Group B,1,Argentina,Cameroon,0,1,,,,(0:0)
1990,1990.03,Jun 09,1700,Stadio San Nicola,Bari,Group B,2,Soviet Union,Romania,0,2,,,,(0:0)
1990,1990.12,Jun 13,2100,Stadio San Paolo,Naples,Group B,3,Argentina,Soviet Union,2,0,,,,(1:0)
1990,1990.15,Jun 14,1700,Stadio San Nicola,Bari,Group B,4,Cameroon,Romania,2,1,,,,(0:0)
1990,1990.25,Jun 18,2100,Stadio San Nicola,Bari,Group B,5,Soviet Union,Cameroon,4,0,,,,(2:0)
1990,1990.26,Jun 18,2100,Stadio San Paolo,Naples,Group B,6,Romania,Argentina,1,1,,,,(0:0)
1990,1990.06,Jun 10,2100,Stadio Delle Alpi,Turin,Group C,1,Brazil,Sweden,2,1,,,,(1:0)
1990,1990.08,Jun 11,1700,Stadio Luigi Ferraris,Genoa,Group C,2,Scotland,Costa Rica,0,1,,,,(0:0)
1990,1990.19,Jun 16,1700,Stadio Delle Alpi,Turin,Group C,3,Brazil,Costa Rica,1,0,,,,(1:0)
1990,1990.2,Jun 16,2100,Stadio Luigi Ferraris,Genoa,Group C,4,Sweden,Scotland,1,2,,,,(0:1)
1990,1990.31,Jun 20,2100,Stadio Luigi Ferraris,Genoa,Group C,5,Costa Rica,Sweden,2,1,,,,(0:1)
1990,1990.32,Jun 20,2100,Stadio Delle Alpi,Turin,Group C,6,Scotland,Brazil,0,1,,,,(0:0)
1990,1990.04,Jun 09,1700,Stadio Renato Dall'Ara,Bologna,Group D,1,Colombia,United Arab Emirates,2,0,,,,(0:0)
1990,1990.07,Jun 10,2100,Stadio Giuseppe Meazza (San Siro),Milan,Group D,2,West Germany,Yugoslavia,4,1,,,,(2:0)
1990,1990.16,Jun 14,1700,Stadio Renato Dall'Ara,Bologna,Group D,3,Colombia,Yugoslavia,0,1,,,,(0:0)
1990,1990.18,Jun 15,2100,Stadio Giuseppe Meazza (San Siro),Milan,Group D,4,United Arab Emirates,West Germany,1,5,,,,(0:2)
1990,1990.29,Jun 19,1700,Stadio Giuseppe Meazza (San Siro),Milan,Group D,5,West Germany,Colombia,1,1,,,,(0:0)
1990,1990.3,Jun 19,1700,Stadio Renato Dall'Ara,Bologna,Group D,6,Yugoslavia,United Arab Emirates,4,1,,,,(2:1)
1990,1990.1,Jun 12,1700,Stadio Marc Antonio Bentegodi,Verona,Group E,1,Belgium,South Korea,2,0,,,,(0:0)
1990,1990.13,Jun 13,1700,Stadio Friuli,Udine,Group E,2,Spain,Uruguay,0,0,,,,(0:0)
1990,1990.22,Jun 17,2100,Stadio Friuli,Udine,Group E,3,Spain,South Korea,3,1,,,,(1:1)
1990,1990.23,Jun 17,2100,Stadio Marc Antonio Bentegodi,Verona,Group E,4,Uruguay,Belgium,1,3,,,,(0:2)
1990,1990.33,Jun 21,1700,Stadio Marc Antonio Bentegodi,Verona,Group E,5,Belgium,Spain,1,2,,,,(1:2)
1990,1990.34,Jun 21,1700,Stadio Friuli,Udine,Group E,6,South Korea,Uruguay,0,1,,,,(0:0)
1990,1990.09,Jun 11,2100,Stadio Sant' Elia,Cagliari,Group F,1,England,Republic of Ireland,1,1,,,,(1:0)
1990,1990.11,Jun 12,2100,Stadio Della Favorita,Palermo,Group F,2,Netherlands,Egypt,1,1,,,,(0:0)
1990,1990.21,Jun 16,1700,Stadio Sant' Elia,Cagliari,Group F,3,Netherlands,England,0,0,,,,(0:0)
1990,1990.24,Jun 17,NA,Stadio Della Favorita,Palermo,Group F,4,Egypt,Republic of Ireland,0,0,,,,(0:0)
1990,1990.35,Jun 21,2100,Stadio Sant' Elia,Cagliari,Group F,5,England,Egypt,1,0,,,,(0:0)
1990,1990.36,Jun 21,2100,Stadio Della Favorita,Palermo,Group F,6,Republic of Ireland,Netherlands,1,1,,,,(0:1)
1990,1990.37,Jun 23,1700,Stadio San Paolo,Naples,Second Round,1,Cameroon,Colombia,2,1,,,aet,"(0:0, 0:0, 0:0)"
1990,1990.38,Jun 23,2100,Stadio San Nicola,Bari,Second Round,2,Czechoslovakia,Costa Rica,4,1,,,,(1:0)
1990,1990.39,Jun 24,1700,Stadio Delle Alpi,Turin,Second Round,3,Brazil,Argentina,0,1,,,,(0:0)
1990,1990.4,Jun 24,2100,Stadio Giuseppe Meazza (San Siro),Milan,Second Round,4,West Germany,Netherlands,2,1,,,,(0:0)
1990,1990.41,Jun 25,1700,Stadio Luigi Ferraris,Genoa,Second Round,5,Republic of Ireland,Romania,0,0,5,4,pens,"(0:0, 0:0, 0:0)  p 5-4"
1990,1990.42,Jun 25,2100,Stadio Olimpico,Rome,Second Round,6,Italy,Uruguay,2,0,,,,(0:0)
1990,1990.43,Jun 26,1700,Stadio Marc Antonio Bentegodi,Verona,Second Round,7,Spain,Yugoslavia,1,2,,,aet,"(0:0, 1:1, 1:2)"
1990,1990.44,Jun 26,2100,Stadio Renato Dall'Ara,Bologna,Second Round,8,England,Belgium,1,0,,,aet,"(0:0, 0:0, 0:0)"
1990,1990.45,Jun 30,1700,Stadio Communale,Florence,Quarter-Finals,1,Argentina,Yugoslavia,0,0,3,2,pens,"(0:0, 0:0, 0:0)  p 3-2"
1990,1990.46,Jun 30,2100,Stadio Olimpico,Rome,Quarter-Finals,2,Italy,Republic of Ireland,1,0,,,,(1:0)
1990,1990.47,Jul 01,1700,Stadio Giuseppe Meazza (San Siro),Milan,Quarter-Finals,3,West Germany,Czechoslovakia,1,0,,,,(1:0)
1990,1990.48,Jul 01,2100,Stadio San Paolo,Naples,Quarter-Finals,4,Cameroon,England,2,3,,,aet,"(0:1, 2:2, 2:3)"
1990,1990.49,Jul 03,2000,Stadio San Paolo,Naples,Semi-Finals,1,Italy,Argentina,1,1,3,4,pens,"(1:0, 1:1, 1:1)  p. 3-4"
1990,1990.5,Jul 04,2000,Stadio Delle Alpi,Turin,Semi-Finals,2,West Germany,England,1,1,4,3,pens,"(0:0, 1:1, 1:1)   p. 4-3"
1990,1990.51,Jul 07,2000,Stadio San Nicola,Bari,3rd/4th Place Play-Off,1,Italy,England,2,1,,,,(0:0)
1990,1990.52,Jul 08,2000,Stadio Olimpico,Rome,Final,1,West Germany,Argentina,1,0,,,,(0:0)
1994,1994.03,Jun 18,1735,Pontiac Silverdome,Detroit,Group A,1,United States,Switzerland,1,1,,,,(1:1)
1994,1994.04,Jun 18,1635,Rose Bowl,Los Angeles,Group A,2,Romania,Colombia,3,1,,,,(2:1)
1994,1994.14,Jun 22,1605,Pontiac Silverdome,Detroit,Group A,3,Switzerland,Romania,4,1,,,,(1:1)
1994,1994.15,Jun 22,1635,Rose Bowl,Los Angeles,Group A,4,United States,Colombia,2,1,,,,(1:0)
1994,1994.24,Jun 26,1305,Stanford Stadium,San Francisco,Group A,5,Colombia,Switzerland,2,0,,,,(1:0)
1994,1994.25,Jun 26,1305,Rose Bowl,Los Angeles,Group A,6,Romania,United States,1,0,,,,(1:0)
1994,1994.06,Jun 19,1635,Rose Bowl,Los Angeles,Group B,1,Sweden,Cameroon,2,2,,,,(1:1)
1994,1994.09,Jun 20,1305,Stanford Stadium,San Francisco,Group B,2,Brazil,Russia,2,0,,,,(1:0)
1994,1994.18,Jun 24,1305,Stanford Stadium,San Francisco,Group B,3,Brazil,Cameroon,3,0,,,,(1:0)
1994,1994.19,Jun 24,1935,Pontiac Silverdome,Detroit,Group B,4,Russia,Sweden,1,3,,,,(1:1)
1994,1994.29,Jun 28,1305,Stanford Stadium,San Francisco,Group B,5,Cameroon,Russia,1,6,,,,(0:3)
1994,1994.3,Jun 28,1605,Pontiac Silverdome,Detroit,Group B,6,Sweden,Brazil,1,1,,,,(1:0)
1994,1994.01,Jun 17,1405,Soldier Field,Chicago,Group C,1,Germany,Bolivia,1,0,,,,(0:0)
1994,1994.02,Jun 17,1835,Cotton Bowl,Dallas,Group C,2,Spain,South Korea,2,2,,,,(0:0)
1994,1994.11,Jun 21,1505,Soldier Field,Chicago,Group C,3,Germany,Spain,1,1,,,,(0:1)
1994,1994.16,Jun 23,1935,Foxboro Stadium,Boston,Group C,4,Bolivia,South Korea,0,0,,,,(0:0)
1994,1994.27,Jun 27,1505,Soldier Field,Chicago,Group C,5,Spain,Bolivia,3,1,,,,(1:0)
1994,1994.28,Jun 27,1605,Cotton Bowl,Dallas,Group C,6,South Korea,Germany,2,3,,,,(0:3)
1994,1994.12,Jun 21,1205,Foxboro Stadium,Boston,Group D,1,Argentina,Greece,4,0,,,,(2:0)
1994,1994.13,Jun 21,1835,Cotton Bowl,Dallas,Group D,2,Nigeria,Bulgaria,3,0,,,,(2:0)
1994,1994.21,Jun 25,1605,Foxboro Stadium,Boston,Group D,3,Argentina,Nigeria,2,1,,,,(2:1)
1994,1994.26,Jun 26,1135,Soldier Field,Chicago,Group D,4,Greece,Bulgaria,0,4,,,,(0:1)
1994,1994.35,Jun 30,NA,Foxboro Stadium,Boston,Group D,5,Nigeria,Greece,2,0,,,,(1:0)
1994,1994.36,Jun 30,1835,Cotton Bowl,Dallas,Group D,6,Bulgaria,Argentina,2,0,,,,(0:0)
1994,1994.05,Jun 18,1605,Giants Stadium,New York,Group E,1,Italy,Republic of Ireland,0,1,,,,(0:1)
1994,1994.07,Jun 19,1605,RFK Memorial Stadium,Washington DC,Group E,2,Norway,Mexico,1,0,,,,(0:0)
1994,1994.17,Jun 23,1605,Giants Stadium,New York,Group E,3,Norway,Italy,0,1,,,,(0:0)
1994,1994.2,Jun 24,1235,Citrus Bowl,Orlando,Group E,4,Mexico,Republic of Ireland,2,1,,,,(1:0)
1994,1994.31,Jun 28,1235,Giants Stadium,New York,Group E,5,Republic of Ireland,Norway,0,0,,,,(0:0)
1994,1994.32,Jun 28,1235,RFK Memorial Stadium,Washington DC,Group E,6,Italy,Mexico,1,1,,,,(0:0)
1994,1994.08,Jun 19,1235,Citrus Bowl,Orlando,Group F,1,Belgium,Morocco,1,0,,,,(1:0)
1994,1994.1,Jun 20,1235,RFK Memorial Stadium,Washington DC,Group F,2,Netherlands,Saudi Arabia,2,1,,,,(0:1)
1994,1994.22,Jun 25,1235,Citrus Bowl,Orlando,Group F,3,Belgium,Netherlands,1,0,,,,(0:0)
1994,1994.23,Jun 25,1235,Giants Stadium,New York,Group F,4,Saudi Arabia,Morocco,2,1,,,,(2:1)
1994,1994.33,Jun 29,1235,Citrus Bowl,Orlando,Group F,5,Morocco,Netherlands,1,2,,,,(0:1)
1994,1994.34,Jun 29,1235,RFK Memorial Stadium,Washington DC,Group F,6,Saudi Arabia,Belgium,1,0,,,,(1:0)
1994,1994.37,Jul 02,1200,Soldier Field,Chicago,Second Round,1,Germany,Belgium,3,2,,,,(3:1)
1994,1994.38,Jul 02,1635,RFK Memorial Stadium,Washington DC,Second Round,2,Spain,Switzerland,3,0,,,,(1:0)
1994,1994.39,Jul 03,1205,Cotton Bowl,Dallas,Second Round,3,Sweden,Saudi Arabia,3,1,,,,(1:0)
1994,1994.4,Jul 03,1635,Rose Bowl,Los Angeles,Second Round,4,Romania,Argentina,3,2,,,,(2:1)
1994,1994.41,Jul 04,1205,Citrus Bowl,Orlando,Second Round,5,Netherlands,Republic of Ireland,2,0,,,,(2:0)
1994,1994.42,Jul 04,1635,Stanford Stadium,San Francisco,Second Round,6,Brazil,United States,1,0,,,,(0:0)
1994,1994.43,Jul 05,1205,Foxboro Stadium,Boston,Second Round,7,Nigeria,Italy,1,2,,,aet,"(1:0, 1:1, 1:2)"
1994,1994.44,Jul 05,1635,Giants Stadium,New York,Second Round,8,Mexico,Bulgaria,1,1,1,3,pens,"(1:1, 1:1, 1:1)  p 1-3"
1994,1994.45,Jul 09,1205,Foxboro Stadium,Boston,Quarter-Finals,1,Italy,Spain,2,1,,,,(1:0)
1994,1994.46,Jul 09,1435,Cotton Bowl,Dallas,Quarter-Finals,2,Brazil,Netherlands,3,2,,,,(0:0)
1994,1994.47,Jul 10,1205,Giants Stadium,New York,Quarter-Finals,3,Germany,Bulgaria,1,2,,,,(0:0)
1994,1994.48,Jul 10,1635,Stanford Stadium,San Francisco,Quarter-Finals,4,Romania,Sweden,2,2,4,5,pens,"(0:0, 1:1, 2:1)  p. 4-5"
1994,1994.49,Jul 13,1605,Giants Stadium,New York,Semi-Finals,1,Italy,Bulgaria,2,1,,,,(2:1)
1994,1994.5,Jul 13,1635,Rose Bowl,Los Angeles,Semi-Finals,2,Brazil,Sweden,1,0,,,,(0:0)
1994,1994.51,Jul 16,1235,Rose Bowl,Los Angeles,3rd/4th Place Play-Off,1,Sweden,Bulgaria,4,0,,,,(4:0)
1994,1994.52,Jul 17,NA,Rose Bowl,Los Angeles,Final,1,Brazil,Italy,0,0,3,2,pens,"(0:0, 0:0, 0:0)  p. 3-2"
1998,1998.01,Jun 10,1630,Stade de France,Saint-Denis,Group A,1,Brazil,Scotland,2,1,,,,(1:1)
1998,1998.02,Jun 10,2000,Stade de la Mosson,Montpellier,Group A,2,Morocco,Norway,2,2,,,,(1:1)
1998,1998.17,Jun 16,1630,Stade Lescure,Bordeaux,Group A,3,Scotland,Norway,1,1,,,,(0:0)
1998,1998.18,Jun 16,2000,Stade Atlantique,Nantes,Group A,4,Brazil,Morocco,3,0,,,,(2:0)
1998,1998.33,Jun 23,2100,Stade Vélodrome,Marseille,Group A,5,Norway,Brazil,2,1,,,,(0:0)
1998,1998.34,Jun 23,2100,Stade G.Guichard,St Etienne,Group A,6,Morocco,Scotland,3,0,,,,(1:0)
1998,1998.03,Jun 11,1630,Stade Lescure,Bordeaux,Group B,1,Italy,Chile,2,2,,,,(1:1)
1998,1998.04,Jun 11,2000,Stade Municipal,Toulouse,Group B,2,Cameroon,Austria,1,1,,,,(0:0)
1998,1998.19,Jun 17,1630,Stade G.Guichard,St Etienne,Group B,3,Chile,Austria,1,1,,,,(0:0)
1998,1998.2,Jun 17,2000,Stade de la Mosson,Montpellier,Group B,4,Italy,Cameroon,3,0,,,,(1:0)
1998,1998.35,Jun 23,1500,Stade de France,Saint-Denis,Group B,5,Austria,Italy,1,2,,,,(0:0)
1998,1998.36,Jun 23,1500,Stade Atlantique,Nantes,Group B,6,Chile,Cameroon,1,1,,,,(1:0)
1998,1998.05,Jun 12,1630,Stade Felix Bollaert,Lens,Group C,1,Saudi Arabia,Denmark,0,1,,,,(0:0)
1998,1998.06,Jun 12,2000,Stade Vélodrome,Marseille,Group C,2,France,South Africa,3,0,,,,(1:0)
1998,1998.21,Jun 18,1630,Stade Municipal,Toulouse,Group C,3,South Africa,Denmark,1,1,,,,(0:1)
1998,1998.22,Jun 18,2000,Stade de France,Saint-Denis,Group C,4,France,Saudi Arabia,4,0,,,,(1:0)
1998,1998.37,Jun 24,1500,Stade Garland,Lyon,Group C,5,Denmark,France,1,2,,,,(1:1)
1998,1998.38,Jun 24,1500,Stade Lescure,Bordeaux,Group C,6,South Africa,Saudi Arabia,2,2,,,,(1:1)
1998,1998.07,Jun 12,1300,Stade de la Mosson,Montpellier,Group D,1,Paraguay,Bulgaria,0,0,,,,(0:0)
1998,1998.08,Jun 13,1330,Stade Atlantique,Nantes,Group D,2,Spain,Nigeria,2,3,,,,(1:1)
1998,1998.23,Jun 19,1630,Parc des Princes,Paris,Group D,3,Nigeria,Bulgaria,1,0,,,,(1:0)
1998,1998.24,Jun 19,2000,Stade G.Guichard,St Etienne,Group D,4,Spain,Paraguay,0,0,,,,(0:0)
1998,1998.39,Jun 24,2000,Stade Felix Bollaert,Lens,Group D,5,Bulgaria,Spain,1,6,,,,(0:2)
1998,1998.4,Jun 24,2000,Stade Muncipal,Toulouse,Group D,6,Nigeria,Paraguay,1,3,,,,(1:1)
1998,1998.09,Jun 13,1630,Stade Garland,Lyon,Group E,1,South Korea,Mexico,1,3,,,,(1:0)
1998,1998.1,Jun 13,2030,Stade de Paris,Saint-Denis,Group E,2,Netherlands,Belgium,0,0,,,,(0:0)
1998,1998.25,Jun 20,1630,Stade Lescure,Bordeaux,Group E,3,Belgium,Mexico,2,2,,,,(1:0)
1998,1998.26,Jun 20,2000,Stade Vélodrome,Marseille,Group E,4,Netherlands,South Korea,5,0,,,,(2:0)
1998,1998.41,Jun 25,1500,Stade G.Guichard,St Etienne,Group E,5,Mexico,Netherlands,2,2,,,,(0:2)
1998,1998.42,Jun 25,1500,Parc des Princes,Paris,Group E,6,Belgium,South Korea,1,1,,,,(1:0)
1998,1998.11,Jun 14,1330,Stade G.Guichard,St Etienne,Group F,1,Yugoslavia,Iran,1,0,,,,(0:0)
1998,1998.14,Jun 15,2000,Parc des Princes,Paris,Group F,2,Germany,United States,2,0,,,,(1:0)
1998,1998.28,Jun 21,1330,Stade Felix Bollaert,Lens,Group F,3,Yugoslavia,Germany,2,2,,,,(1:0)
1998,1998.29,Jun 21,2000,Stade Garland,Lyon,Group F,4,Iran,United States,2,1,,,,(1:0)
1998,1998.43,Jun 25,2000,Stade de la Mosson,Montpellier,Group F,5,Germany,Iran,2,0,,,,(0:0)
1998,1998.44,Jun 25,2000,Stade Atlantique,Nantes,Group F,6,United States,Yugoslavia,0,1,,,,(0:1)
1998,1998.15,Jun 15,1330,Stade Vélodrome,Marseille,Group G,1,England,Tunisia,2,0,,,,(1:0)
1998,1998.16,Jun 15,1630,Stade Garland,Lyon,Group G,2,Romania,Colombia,1,0,,,,(1:0)
1998,1998.31,Jun 22,1630,Stade de la Mosson,Montpellier,Group G,3,Colombia,Tunisia,1,0,,,,(0:0)
1998,1998.32,Jun 22,2000,Stade Municipal,Toulouse,Group G,4,Romania,England,2,1,,,,(0:0)
1998,1998.45,Jun 26,2000,Stade de France,Saint-Denis,Group G,5,Tunisia,Romania,1,1,,,,(1:0)
1998,1998.46,Jun 26,2000,Stade Felix Bollaert,Lens,Group G,6,England,Colombia,2,0,,,,(2:0)
1998,1998.12,Jun 14,1330,Stade Municipal,Toulouse,Group H,1,Argentina,Japan,1,0,,,,(1:0)
1998,1998.13,Jun 14,2000,Stade Felix Bollaert,Lens,Group H,2,Croatia,Jamaica,3,1,,,,(1:1)
1998,1998.27,Jun 20,1330,Stade Atlantique,Nantes,Group H,3,Japan,Croatia,0,1,,,,(0:0)
1998,1998.3,Jun 21,1630,Parc des Princes,Paris,Group H,4,Argentina,Jamaica,5,0,,,,(1:0)
1998,1998.47,Jun 26,1600,Stade Lescure,Bordeaux,Group H,5,Croatia,Argentina,0,1,,,,(0:1)
1998,1998.48,Jun 26,1500,Stade Garland,Lyon,Group H,6,Jamaica,Japan,2,1,,,,(1:0)
1998,1998.49,Jun 27,1530,Stade Vélodrome,Marseille,Second Round,1,Italy,Norway,1,0,,,,(1:0)
1998,1998.5,Jun 27,2000,Parc des Princes,Paris,Second Round,2,Brazil,Chile,4,1,,,,(3:0)
1998,1998.51,Jun 28,1530,Stade Felix Bollaert,Lens,Second Round,3,France,Paraguay,1,0,,,,"(0:0, 0:0, 0:0)"
1998,1998.52,Jun 28,2000,Stade de France,Saint-Denis,Second Round,4,Nigeria,Denmark,1,4,,,,(0:2)
1998,1998.53,Jun 29,1530,Stade de la Mosson,Montpellier,Second Round,5,Germany,Mexico,2,1,,,,(0:0)
1998,1998.54,Jun 29,2000,Stade Municipal,Toulouse,Second Round,6,Netherlands,Yugoslavia,2,1,,,,(1:0)
1998,1998.55,Jun 30,1530,Stande Lescure,Bordeaux,Second Round,7,Romania,Croatia,0,1,,,,(0:1)
1998,1998.56,Jun 30,2000,Stade G.Guichard,St Etienne,Second Round,8,Argentina,England,2,2,4,3,pens,"(2:2, 2:2, 2:2)  p 4-3"
1998,1998.57,Jul 03,1530,Stade de France,Saint-Denis,Quarter-Finals,1,France,Italy,0,0,4,3,pens,"(0:0, 0:0, 0:0)  p 4-3"
1998,1998.58,Jul 03,2000,Stade Atlantique,Nantes,Quarter-Finals,2,Brazil,Denmark,3,2,,,,(2:1)
1998,1998.59,Jul 04,2000,Stade Vélodrome,Marseille,Quarter-Finals,3,Argentina,Netherlands,1,2,,,,(0:1)
1998,1998.6,Jul 04,2000,Stade Garland,Lyon,Quarter-Finals,4,Croatia,Germany,3,0,,,,(1:0)
1998,1998.61,Jul 07,2000,Stade Vélodrome,Marseille,Semi-Finals,1,Netherlands,Brazil,1,1,2,4,pens,"(0:0, 1:1, 1:1)  p 2-4"
1998,1998.62,Jul 08,2000,Stade de France,Saint-Denis,Semi-Finals,2,France,Croatia,2,1,,,,(0:0)
1998,1998.63,Jul 11,2000,Parc des Princes,Paris,3rd/4th Place Play-Off,1,Croatia,Netherlands,2,1,,,,(2:1)
1998,1998.64,Jul 12,2000,Stade de France,Saint-Denis,Final,1,France,Brazil,3,0,,,,(2:0)
2002,2002.01,May 31,,Seoul World Cup Stadium,Seoul,Group A,1,France,Senegal,0,1,,,,
2002,2002.02,Jun 01,,Munsu Football Stadium,Ulsan,Group A,2,Uruguay,Denmark,1,2,,,,
2002,2002.18,Jun 06,,Busan Asiad Main Stadium,Busan,Group A,3,France,Uruguay,0,0,,,,
2002,2002.19,Jun 06,,Daegu World Cup Stadium,Daegu,Group A,4,Denmark,Senegal,1,1,,,,
2002,2002.33,Jun 11,,Incheon Munhak Stadium,Incheon,Group A,5,Denmark,France,2,0,,,,
2002,2002.34,Jun 11,,Suwon World Cup Stadium,Suwon,Group A,6,Senegal,Uruguay,3,3,,,,
2002,2002.05,Jun 02,,Busan Asiad Main Stadium,Busan,Group B,1,Paraguay,South Africa,2,2,,,,
2002,2002.06,Jun 02,,Gwangju World Cup Stadium,Gwangju,Group B,2,Spain,Slovenia,3,1,,,,
2002,2002.21,Jun 07,,Jeonju World Cup Stadium,Jeonju,Group B,3,Spain,Paraguay,3,1,,,,
2002,2002.24,Jun 08,,Daegu World Cup Stadium,Daegu,Group B,4,South Africa,Slovenia,1,0,,,,
2002,2002.37,Jun 12,,Daejeon World Cup Stadium,Daejeon,Group B,5,South Africa,Spain,2,3,,,,
2002,2002.38,Jun 12,,Jeju World Cup Stadium,Seogwipo,Group B,6,Slovenia,Paraguay,1,3,,,,
2002,2002.09,Jun 03,,Munsu Football Stadium,Ulsan,Group C,1,Brazil,Turkey,2,1,,,,
2002,2002.12,Jun 04,,Gwangju World Cup Stadium,Gwangju,Group C,2,China PR,Costa Rica,0,2,,,,
2002,2002.25,Jun 08,,Jeju World Cup Stadium,Seogwipo,Group C,3,Brazil,China PR,4,0,,,,
2002,2002.27,Jun 09,,Munhak Stadium,Incheon,Group C,4,Costa Rica,Turkey,1,1,,,,
2002,2002.41,Jun 13,,Suwon World Cup Stadium,Suwon,Group C,5,Costa Rica,Brazil,2,5,,,,
2002,2002.42,Jun 13,,Seoul World Cup Stadium,Seoul,Group C,6,Turkey,China PR,3,0,,,,
2002,2002.13,Jun 04,,Busan Asiad Main Stadium,Busan,Group D,1,South Korea,Poland,2,0,,,,
2002,2002.15,Jun 05,,Suwon World Cup Stadium,Suwon,Group D,2,United States,Portugal,3,2,,,,
2002,2002.3,Jun 10,,Daegu World Cup Stadium,Daegu,Group D,3,South Korea,United States,1,1,,,,
2002,2002.31,Jun 10,,Jeonju World Cup Stadium,Jeonju,Group D,4,Portugal,Poland,4,0,,,,
2002,2002.45,Jun 14,,Munhak Stadium,Incheon,Group D,5,Portugal,South Korea,0,1,,,,
2002,2002.46,Jun 14,,Daejeon World Cup Stadium,Daejeon,Group D,6,Poland,United States,3,1,,,,
2002,2002.03,Jun 01,,Niigata Stadium,Niigata,Group E,1,Republic of Ireland,Cameroon,1,1,,,,
2002,2002.04,Jun 01,,Sapporo Dome,Sapporo,Group E,2,Germany,Saudi Arabia,8,0,,,,
2002,2002.16,Jun 05,,Kashima Stadium,Ibaraki,Group E,3,Germany,Republic of Ireland,1,1,,,,
2002,2002.2,Jun 06,,Saitama Stadium,Saitama,Group E,4,Cameroon,Saudi Arabia,1,0,,,,
2002,2002.35,Jun 11,,Shizuoka Stadium ECOPA,Shizuoka,Group E,5,Cameroon,Germany,0,2,,,,
2002,2002.36,Jun 11,,International Stadium Yokohama,Yokohama,Group E,6,Saudi Arabia,Republic of Ireland,0,3,,,,
2002,2002.07,Jun 02,,Saitama Stadium 2002,Saitama,Group F,1,England,Sweden,1,1,,,,
2002,2002.08,Jun 02,,Kashima Stadium,Ibaraki,Group F,2,Argentina,Nigeria,1,0,,,,
2002,2002.22,Jun 07,,Kobe Wing Stadium,Kobe,Group F,3,Sweden,Nigeria,2,1,,,,
2002,2002.23,Jun 07,,Sapporo Dome,Sapporo,Group F,4,Argentina,England,0,1,,,,
2002,2002.39,Jun 12,,Miyagi Stadium,Miyagi,Group F,5,Sweden,Argentina,1,1,,,,
2002,2002.4,Jun 12,,Osaka Nagai Stadium,Osaka,Group F,6,Nigeria,England,0,0,,,,
2002,2002.1,Jun 03,,Niigata Stadium Big Swan,Niigata,Group G,1,Croatia,Mexico,0,1,,,,
2002,2002.11,Jun 03,,Sapporo Dome,Sapporo,Group G,2,Italy,Ecuador,2,0,,,,
2002,2002.26,Jun 08,,Kashima Stadium,Ibaraki,Group G,3,Italy,Croatia,1,2,,,,
2002,2002.28,Jun 09,,Miyagi Stadium,Miyagi,Group G,4,Mexico,Ecuador,2,1,,,,
2002,2002.43,Jun 13,,Oita Stadium Big Eye,Oita,Group G,5,Mexico,Italy,1,1,,,,
2002,2002.44,Jun 13,,International Stadium Yokohama,Yokohama,Group G,6,Ecuador,Croatia,1,0,,,,
2002,2002.14,Jun 04,,Saitama Stadium 2002,Saitama,Group H,1,Japan,Belgium,2,2,,,,
2002,2002.17,Jun 05,,Kobe Wing Stadium,Kobe,Group H,2,Russia,Tunisia,2,0,,,,
2002,2002.29,Jun 09,,International Stadium Yokohama,Yokohama,Group H,3,Japan,Russia,1,0,,,,
2002,2002.32,Jun 10,,Oita Stadium Big Eye,Oita,Group H,4,Tunisia,Belgium,1,1,,,,
2002,2002.47,Jun 14,,Nagai Stadium,Osaka,Group H,5,Tunisia,Japan,0,2,,,,
2002,2002.48,Jun 14,,Shizuoka Stadium ECOPA,Shizuoka,Group H,6,Belgium,Russia,3,2,,,,
2002,2002.49,Jun 15,,Jeju World Cup Stadium,Seogwipo,Second Round,1,Germany,Paraguay,1,0,,,,
2002,2002.5,Jun 15,,Niigata Stadium Big Swan,Niigata,Second Round,2,Denmark,England,0,3,,,,
2002,2002.51,Jun 16,,Oita Stadium Big Eye,Oita,Second Round,3,Sweden,Senegal,1,2,,,GG,
2002,2002.52,Jun 16,,Suwon World Cup Stadium,Suwon,Second Round,4,Spain,Republic of Ireland,1,1,3,2,pens,
2002,2002.53,Jun 17,,Jeonju World Cup Stadium,Jeonju,Second Round,5,Mexico,United States,0,2,,,,
2002,2002.54,Jun 17,,Kobe Wing Stadium,Kobe,Second Round,6,Brazil,Belgium,2,0,,,,
2002,2002.55,Jun 18,,Miyagi Stadium,Miyagi,Second Round,7,Japan,Turkey,0,1,,,,
2002,2002.56,Jun 18,,Daejeon World Cup Stadium,Daejeon,Second Round,8,South Korea,Italy,2,1,,,GG,
2002,2002.57,Jun 21,,Shizuoka Stadium ECOPA,Shizuoka,Quarter-Finals,1,England,Brazil,1,2,,,,
2002,2002.58,Jun 21,,Munsu Football Stadium,Ulsan,Quarter-Finals,2,Germany,United States,1,0,,,,
2002,2002.59,Jun 22,,Gwangju World Cup Stadium,Gwangju,Quarter-Finals,3,Spain,South Korea,0,0,3,5,pens,
2002,2002.6,Jun 22,,Nagai Stadium,Osaka,Quarter-Finals,4,Senegal,Turkey,0,1,,,GG,
2002,2002.61,Jun 25,,Seoul World Cup Stadium,Seoul,Semi-Finals,1,Germany,South Korea,1,0,,,,
2002,2002.62,Jun 26,,Saitama Stadium 2002,Saitama,Semi-Finals,2,Brazil,Turkey,1,0,,,,
2002,2002.63,Jun 29,,Daegu World Cup Stadium,Daegu,3rd/4th Place Play-Off,1,South Korea,Turkey,2,3,,,,
2002,2002.64,Jun 30,,International Stadium Yokohama,Yokohama,Final,1,Germany,Brazil,0,2,,,,
2006,2006.01,Jun 09,,FIFA World Cup Stadium,Munich,Group A,1,Germany,Costa Rica,4,2,,,,
2006,2006.02,Jun 09,,FIFA World Cup Stadium,Gelsenkirchen,Group A,2,Poland,Ecuador,0,2,,,,
2006,2006.15,Jun 14,,FIFA World Cup Stadium,Dortmund,Group A,3,Germany,Poland,1,0,,,,
2006,2006.18,Jun 15,,FIFA World Cup Stadium,Hamburg,Group A,4,Ecuador,Costa Rica,3,0,,,,
2006,2006.33,Jun 20,,Olympiastadion,Berlin,Group A,5,Ecuador,Germany,0,3,,,,
2006,2006.34,Jun 20,,FIFA World Cup Stadium,Hannover,Group A,6,Costa Rica,Poland,1,2,,,,
2006,2006.03,Jun 10,,FIFA World Cup Stadium,Frankfurt,Group B,1,England,Paraguay,1,0,,,,
2006,2006.04,Jun 10,,FIFA World Cup Stadium,Dortmund,Group B,2,Sweden,Trinidad and Tobago,0,0,,,,
2006,2006.19,Jun 15,,Franken-Stadion,Nuremberg,Group B,3,England,Trinidad and Tobago,2,0,,,,
2006,2006.2,Jun 15,,Olympiastadion,Berlin,Group B,4,Paraguay,Sweden,0,1,,,,
2006,2006.35,Jun 20,,FIFA World Cup Stadium,Cologne,Group B,5,Sweden,England,2,2,,,,
2006,2006.36,Jun 20,,Fritz-Walter-Stadion,Kaiserslautern,Group B,6,Trinidad and Tobago,Paraguay,0,2,,,,
2006,2006.05,Jun 10,,FIFA World Cup Stadium,Hamburg,Group C,1,Argentina,Ivory Coast,2,1,,,,
2006,2006.06,Jun 11,,Zentralstadion,Leipzig,Group C,2,Serbia and Montenegro,Netherlands,0,1,,,,
2006,2006.21,Jun 16,,FIFA World Cup Stadium,Gelsenkirchen,Group C,3,Argentina,Serbia and Montenegro,6,0,,,,
2006,2006.22,Jun 16,,Gottlieb-Daimler-Stadion,Stuttgart,Group C,4,Netherlands,Ivory Coast,2,1,,,,
2006,2006.37,Jun 21,,FIFA World Cup Stadium,Frankfurt,Group C,5,Netherlands,Argentina,0,0,,,,
2006,2006.38,Jun 21,,FIFA World Cup Stadium,Munich,Group C,6,Ivory Coast,Serbia and Montenegro,3,2,,,,
2006,2006.07,Jun 11,,Franken-Stadion,Nuremberg,Group D,1,Mexico,Iran,3,1,,,,
2006,2006.08,Jun 11,,FIFA World Cup Stadium,Cologne,Group D,2,Angola,Portugal,0,1,,,,
2006,2006.23,Jun 16,,FIFA World Cup Stadium,Hannover,Group D,3,Mexico,Angola,0,0,,,,
2006,2006.24,Jun 17,,FIFA World Cup Stadium,Frankfurt,Group D,4,Portugal,Iran,2,0,,,,
2006,2006.39,Jun 21,,FIFA World Cup Stadium,Gelsenkirchen,Group D,5,Portugal,Mexico,2,1,,,,
2006,2006.4,Jun 21,,Zentralstadion,Leipzig,Group D,6,Iran,Angola,1,1,,,,
2006,2006.09,Jun 12,,FIFA World Cup Stadium,Gelsenkirchen,Group E,1,United States,Czech Republic,0,3,,,,
2006,2006.1,Jun 12,,FIFA World Cup Stadium,Hannover,Group E,2,Italy,Ghana,2,0,,,,
2006,2006.25,Jun 17,,FIFA World Cup Stadium,Cologne,Group E,3,Czech Republic,Ghana,0,2,,,,
2006,2006.26,Jun 17,,Fritz-Walter-Stadion,Kaiserslautern,Group E,4,Italy,United States,1,1,,,,
2006,2006.41,Jun 22,,FIFA World Cup Stadium,Hamburg,Group E,5,Czech Republic,Italy,0,2,,,,
2006,2006.42,Jun 22,,Franken-Stadion,Nuremberg,Group E,6,Ghana,United States,2,1,,,,
2006,2006.11,Jun 12,,Fritz-Walter-Stadion,Kaiserslautern,Group F,1,Australia,Japan,3,1,,,,
2006,2006.12,Jun 13,,Olympiastadion,Berlin,Group F,2,Brazil,Croatia,1,0,,,,
2006,2006.27,Jun 18,,Franken-Stadion,Nuremberg,Group F,3,Japan,Croatia,0,0,,,,
2006,2006.28,Jun 18,,FIFA World Cup Stadium,Munich,Group F,4,Brazil,Australia,2,0,,,,
2006,2006.43,Jun 22,,FIFA World Cup Stadium,Dortmund,Group F,5,Japan,Brazil,1,4,,,,
2006,2006.44,Jun 22,,Gottlieb-Daimler-Stadion,Stuttgart,Group F,6,Croatia,Australia,2,2,,,,
2006,2006.13,Jun 13,,FIFA World Cup Stadium,Frankfurt,Group G,1,South Korea,Togo,2,1,,,,
2006,2006.14,Jun 13,,Gottlieb-Daimler-Stadion,Stuttgart,Group G,2,France,Switzerland,0,0,,,,
2006,2006.29,Jun 18,,Zentralstadion,Leipzig,Group G,3,France,South Korea,1,1,,,,
2006,2006.3,Jun 19,,FIFA World Cup Stadium,Dortmund,Group G,4,Togo,Switzerland,0,2,,,,
2006,2006.45,Jun 23,,FIFA World Cup Stadium,Cologne,Group G,5,Togo,France,0,2,,,,
2006,2006.46,Jun 23,,FIFA World Cup Stadium,Hannover,Group G,6,Switzerland,South Korea,2,0,,,,
2006,2006.16,Jun 14,,Zentralstadion,Leipzig,Group H,1,Spain,Ukraine,4,0,,,,
2006,2006.17,Jun 14,,FIFA World Cup Stadium,Munich,Group H,2,Tunisia,Saudi Arabia,2,2,,,,
2006,2006.31,Jun 19,,FIFA World Cup Stadium,Hamburg,Group H,3,Saudi Arabia,Ukraine,0,4,,,,
2006,2006.32,Jun 19,,Gottlieb-Daimler-Stadion,Stuttgart,Group H,4,Spain,Tunisia,3,1,,,,
2006,2006.47,Jun 23,,Fritz-Walter-Stadion,Kaiserslautern,Group H,5,Saudi Arabia,Spain,0,1,,,,
2006,2006.48,Jun 23,,Olympiastadion,Berlin,Group H,6,Ukraine,Tunisia,1,0,,,,
2006,2006.49,Jun 24,,FIFA World Cup Stadium,Munich,Second Round,1,Germany,Sweden,2,0,,,,
2006,2006.5,Jun 24,,Zentralstadion,Leipzig,Second Round,2,Argentina,Mexico,2,1,,,aet,
2006,2006.51,Jun 25,,Gottlieb-Daimler-Stadion,Stuttgart,Second Round,3,England,Ecuador,1,0,,,,
2006,2006.52,Jun 25,,Franken-Stadion,Nuremberg,Second Round,4,Portugal,Netherlands,1,0,,,,
2006,2006.53,Jun 26,,Fritz-Walter-Stadion,Kaiserslautern,Second Round,5,Italy,Australia,1,0,,,,
2006,2006.54,Jun 26,,FIFA World Cup Stadium,Cologne,Second Round,6,Switzerland,Ukraine,0,0,0,3,pens,
2006,2006.55,Jun 27,,FIFA World Cup Stadium,Dortmund,Second Round,7,Brazil,Ghana,3,0,,,,
2006,2006.56,Jun 27,,FIFA World Cup Stadium,Hannover,Second Round,8,Spain,France,1,3,,,,
2006,2006.57,Jun 30,,Olympiastadion,Berlin,Quarter-Finals,1,Germany,Argentina,1,1,4,2,pens,
2006,2006.58,Jun 30,,FIFA World Cup Stadium,Hamburg,Quarter-Finals,2,Italy,Ukraine,3,0,,,,
2006,2006.59,Jul 01,,FIFA World Cup Stadium,Gelsenkirchen,Quarter-Finals,3,England,Portugal,0,0,1,3,pens,
2006,2006.6,Jul 01,,FIFA World Cup Stadium,Frankfurt,Quarter-Finals,4,Brazil,France,0,1,,,,
2006,2006.61,Jul 04,,FIFA World Cup Stadium,Dortmund,Semi-Finals,1,Germany,Italy,0,2,,,aet,
2006,2006.62,Jul 05,,FIFA World Cup Stadium,Munich,Semi-Finals,2,Portugal,France,0,1,,,,
2006,2006.63,Jul 08,,Gottlieb-Daimler-Stadion,Stuttgart,3rd/4th Place Play-Off,1,Germany,Portugal,3,1,,,,
2006,2006.64,Jul 09,,Olympiastadion,Berlin,Final,1,Italy,France,1,1,5,3,pens,
2010,2010.01,Jun 11,,FNB Stadium 'Soccer City',Johannesburg,Group A,1,South Africa,Mexico,1,1,,,,
2010,2010.02,Jun 11,,Cape Town Stadium (Green Point),Cape Town,Group A,2,Uruguay,France,0,0,,,,
2010,2010.15,Jun 16,,Loftus Versfeld Stadium,Pretoria,Group A,3,South Africa,Uruguay,0,3,,,,
2010,2010.18,Jun 17,,Peter Mokaba Stadium,Polokwane,Group A,4,France,Mexico,0,2,,,,
2010,2010.33,Jun 22,,Royal Bafokeng Stadium,Rustenburg,Group A,5,Mexico,Uruguay,0,1,,,,
2010,2010.34,Jun 22,,Vodacom Park (Free State Stadium),Bloemfontein,Group A,6,France,South Africa,1,2,,,,
2010,2010.03,Jun 12,,Nelson Mandela Bay Stadium,Port Elizabeth,Group B,1,South Korea,Greece,2,0,,,,
2010,2010.04,Jun 12,,Coca-Cola Park (Ellis Park),Johannesburg,Group B,2,Argentina,Nigeria,1,0,,,,
2010,2010.19,Jun 17,,FNB Stadium 'Soccer City',Johannesburg,Group B,3,Argentina,South Korea,4,1,,,,
2010,2010.2,Jun 17,,Vodacom Park (Free State Stadium),Bloemfontein,Group B,4,Greece,Nigeria,2,1,,,,
2010,2010.35,Jun 22,,Moses Mabhida Stadium,Durban,Group B,5,Nigeria,South Korea,2,2,,,,
2010,2010.36,Jun 22,,Peter Mokaba Stadium,Polokwane,Group B,6,Greece,Argentina,0,2,,,,
2010,2010.05,Jun 12,,Royal Bafokeng Stadium,Rustenburg,Group C,1,England,United States,1,1,,,,
2010,2010.06,Jun 13,,Peter Mokaba Stadium,Polokwane,Group C,2,Algeria,Slovenia,0,1,,,,
2010,2010.21,Jun 18,,Coca-Cola Park (Ellis Park),Johannesburg,Group C,3,Slovenia,United States,2,2,,,,
2010,2010.22,Jun 18,,Cape Town Stadium (Green Point),Cape Town,Group C,4,England,Algeria,0,0,,,,
2010,2010.37,Jun 23,,Nelson Mandela Bay Stadium,Port Elizabeth,Group C,5,Slovenia,England,0,1,,,,
2010,2010.38,Jun 23,,Loftus Versfeld Stadium,Pretoria,Group C,6,United States,Algeria,1,0,,,,
2010,2010.07,Jun 13,,Loftus Versfeld Stadium,Pretoria,Group D,1,Serbia,Ghana,0,1,,,,
2010,2010.08,Jun 13,,Moses Mabhida Stadium,Durban,Group D,2,Germany,Australia,4,0,,,,
2010,2010.23,Jun 18,,Nelson Mandela Bay Stadium,Port Elizabeth,Group D,3,Germany,Serbia,0,1,,,,
2010,2010.24,Jun 19,,Royal Bafokeng Stadium,Rustenburg,Group D,4,Ghana,Australia,1,1,,,,
2010,2010.39,Jun 23,,Mbombela Stadium,Nelspruit,Group D,5,Australia,Serbia,2,1,,,,
2010,2010.4,Jun 23,,FNB Stadium 'Soccer City',Johannesburg,Group D,6,Ghana,Germany,0,1,,,,
2010,2010.09,Jun 14,,FNB Stadium 'Soccer City',Johannesburg,Group E,1,Netherlands,Denmark,2,0,,,,
2010,2010.1,Jun 14,,Vodacom Park (Free State Stadium),Bloemfontein,Group E,2,Japan,Cameroon,1,0,,,,
2010,2010.25,Jun 19,,Moses Mabhida Stadium,Durban,Group E,3,Netherlands,Japan,1,0,,,,
2010,2010.26,Jun 19,,Loftus Versfeld Stadium,Pretoria,Group E,4,Cameroon,Denmark,1,2,,,,
2010,2010.41,Jun 24,,Royal Bafokeng Stadium,Rustenburg,Group E,5,Denmark,Japan,1,3,,,,
2010,2010.42,Jun 24,,Cape Town Stadium (Green Point),Cape Town,Group E,6,Cameroon,Netherlands,1,2,,,,
2010,2010.11,Jun 14,,Cape Town Stadium (Green Point),Cape Town,Group F,1,Italy,Paraguay,1,1,,,,
2010,2010.12,Jun 15,,Royal Bafokeng Stadium,Rustenburg,Group F,2,New Zealand,Slovakia,1,1,,,,
2010,2010.27,Jun 20,,Vodacom Park (Free State Stadium),Bloemfontein,Group F,3,Slovakia,Paraguay,0,2,,,,
2010,2010.28,Jun 20,,Mbombela Stadium,Nelspruit,Group F,4,Italy,New Zealand,1,1,,,,
2010,2010.43,Jun 24,,Coca-Cola Park (Ellis Park),Johannesburg,Group F,5,Slovakia,Italy,3,2,,,,
2010,2010.44,Jun 24,,Peter Mokaba Stadium,Polokwane,Group F,6,Paraguay,New Zealand,0,0,,,,
2010,2010.13,Jun 15,,Nelson Mandela Bay Stadium,Port Elizabeth,Group G,1,Ivory Coast,Portugal,0,0,,,,
2010,2010.14,Jun 15,,Coca-Cola Park (Ellis Park),Johannesburg,Group G,2,Brazil,North Korea,2,1,,,,
2010,2010.29,Jun 20,,FNB Stadium 'Soccer City',Johannesburg,Group G,3,Brazil,Ivory Coast,3,1,,,,
2010,2010.3,Jun 21,,Cape Town Stadium (Green Point),Cape Town,Group G,4,Portugal,North Korea,7,0,,,,
2010,2010.45,Jun 25,,Mbombela Stadium,Nelspruit,Group G,5,North Korea,Ivory Coast,0,3,,,,
2010,2010.46,Jun 25,,Moses Mabhida Stadium,Durban,Group G,6,Portugal,Brazil,0,0,,,,
2010,2010.16,Jun 16,,Mbombela Stadium,Nelspruit,Group H,1,Honduras,Chile,0,1,,,,
2010,2010.17,Jun 16,,Moses Mabhida Stadium,Durban,Group H,2,Spain,Switzerland,0,1,,,,
2010,2010.31,Jun 21,,Nelson Mandela Bay Stadium,Port Elizabeth,Group H,3,Chile,Switzerland,1,0,,,,
2010,2010.32,Jun 21,,Coca-Cola Park (Ellis Park),Johannesburg,Group H,4,Spain,Honduras,2,0,,,,
2010,2010.47,Jun 25,,Loftus Versfeld Stadium,Pretoria,Group H,5,Chile,Spain,1,2,,,,
2010,2010.48,Jun 25,,Vodacom Park (Free State Stadium),Bloemfontein,Group H,6,Switzerland,Honduras,0,0,,,,
2010,2010.49,Jun 26,,Nelson Mandela Bay Stadium,Port Elizabeth,Second Round,1,Uruguay,South Korea,2,1,,,,
2010,2010.5,Jun 26,,Royal Bafokeng Stadium,Rustenburg,Second Round,2,United States,Ghana,1,2,,,aet,
2010,2010.51,Jun 27,,Vodacom Park (Free State Stadium),Bloemfontein,Second Round,3,Germany,England,4,1,,,,
2010,2010.52,Jun 27,,FNB Stadium 'Soccer City',Johannesburg,Second Round,4,Argentina,Mexico,3,1,,,,
2010,2010.53,Jun 28,,Moses Mabhida Stadium,Durban,Second Round,5,Netherlands,Slovakia,2,1,,,,
2010,2010.54,Jun 28,,Coca-Cola Park (Ellis Park),Johannesburg,Second Round,6,Brazil,Chile,3,0,,,,
2010,2010.55,Jun 29,,Loftus Versfeld Stadium,Pretoria,Second Round,7,Paraguay,Japan,0,0,5,3,pens,
2010,2010.56,Jun 29,,Cape Town Stadium (Green Point),Cape Town,Second Round,8,Spain,Portugal,1,0,,,,
2010,2010.57,Jul 02,,Nelson Mandela Bay Stadium,Port Elizabeth,Quarter-Finals,1,Netherlands,Brazil,2,1,,,,
2010,2010.58,Jul 02,,FNB Stadium 'Soccer City',Johannesburg,Quarter-Finals,2,Uruguay,Ghana,1,1,4,2,pens,
2010,2010.59,Jul 03,,Cape Town Stadium (Green Point),Cape Town,Quarter-Finals,3,Argentina,Germany,0,4,,,,
2010,2010.6,Jul 03,,Coca-Cola Park (Ellis Park),Johannesburg,Quarter-Finals,4,Paraguay,Spain,0,1,,,,
2010,2010.61,Jul 06,,Cape Town Stadium (Green Point),Cape Town,Semi-Finals,1,Uruguay,Netherlands,2,3,,,,
2010,2010.62,Jul 07,,Moses Mabhida Stadium,Durban,Semi-Finals,2,Germany,Spain,0,1,,,,
2010,2010.63,Jul 10,,Nelson Mandela Bay Stadium,Port Elizabeth,3rd/4th Place Play-Off,1,Uruguay,Germany,2,3,,,,
2010,2010.64,Jul 11,,FNB Stadium 'Soccer City',Johannesburg,Final,1,Netherlands,Spain,0,1,,,aet,
2014,2014.01,Jun 12,,Arena Corinthians,Sao Paulo,Group A,1,Brazil,Croatia,3,1,,,,
2014,2014.02,Jun 12,,Arena das Dunas,Natal,Group A,2,Mexico,Cameroon,1,0,,,,
2014,2014.03,Jun 12,,Estádio Plácido Aderaldo Castelo 'Castelão',Fortaleza,Group A,3,Brazil,Mexico,0,0,,,,
2014,2014.04,Jun 12,,Arena da Amazônia,Manaus,Group A,4,Cameroon,Croatia,0,4,,,,
2014,2014.05,Jun 12,,Estádio Nacional 'Mané Garrincha',Brasilia,Group A,5,Cameroon,Brazil,1,4,,,,
2014,2014.06,Jun 12,,Itaipava Arena Pernambuco,Recife,Group A,6,Croatia,Mexico,1,3,,,,
2014,2014.07,Jun 12,,Itaipava Arena Fonte Nova,Salvador,Group B,1,Spain,Netherlands,1,5,,,,
2014,2014.08,Jun 12,,Arena Multiuso Governador José Fragelli 'Arena Pantanal',Cuiaba,Group B,2,Chile,Australia,3,1,,,,
2014,2014.09,Jun 12,,Estádio José Pinheiro Borda 'Beira-Rio',Porto Alegre,Group B,3,Australia,Netherlands,2,3,,,,
2014,2014.1,Jun 12,,Estádio Jornalista Mário Filho 'Maracanã',Rio de Janeiro,Group B,4,Spain,Chile,0,2,,,,
2014,2014.11,Jun 12,,Estádio Joaquim Américo Guimarães 'Arena da Baixada',Curitiba,Group B,5,Australia,Spain,0,3,,,,
2014,2014.12,Jun 12,,Arena Corinthians,Sao Paulo,Group B,6,Netherlands,Chile,2,0,,,,
2014,2014.13,Jun 12,,Estádio Governador Magalhães Pinto 'Mineirão',Belo Horizonte,Group C,1,Colombia,Greece,3,0,,,,
2014,2014.14,Jun 12,,Itaipava Arena Pernambuco,Recife,Group C,2,Ivory Coast,Japan,2,1,,,,
2014,2014.15,Jun 12,,Estádio Nacional 'Mané Garrincha',Brasilia,Group C,3,Colombia,Ivory Coast,2,1,,,,
2014,2014.16,Jun 12,,Arena das Dunas,Natal,Group C,4,Japan,Greece,0,0,,,,
2014,2014.17,Jun 12,,Arena Multiuso Governador José Fragelli 'Arena Pantanal',Cuiaba,Group C,5,Japan,Colombia,1,4,,,,
2014,2014.18,Jun 12,,Estádio Plácido Aderaldo Castelo 'Castelão',Fortaleza,Group C,6,Greece,Ivory Coast,2,1,,,,
2014,2014.19,Jun 12,,Estádio Plácido Aderaldo Castelo 'Castelão',Fortaleza,Group D,1,Uruguay,Costa Rica,1,3,,,,
2014,2014.2,Jun 12,,Arena da Amazônia,Manaus,Group D,2,England,Italy,1,2,,,,
2014,2014.21,Jun 12,,Arena Corinthians,Sao Paulo,Group D,3,Uruguay,England,2,1,,,,
2014,2014.22,Jun 12,,Itaipava Arena Pernambuco,Recife,Group D,4,Italy,Costa Rica,0,1,,,,
2014,2014.23,Jun 12,,Arena das Dunas,Natal,Group D,5,Italy,Uruguay,0,1,,,,
2014,2014.24,Jun 12,,Estádio Governador Magalhães Pinto 'Mineirão',Belo Horizonte,Group D,6,Costa Rica,England,0,0,,,,
2014,2014.25,Jun 12,,Estádio Nacional 'Mané Garrincha',Brasilia,Group E,1,Switzerland,Ecuador,2,1,,,,
2014,2014.26,Jun 12,,Estádio José Pinheiro Borda 'Beira-Rio',Porto Alegre,Group E,2,France,Honduras,3,0,,,,
2014,2014.27,Jun 12,,Itaipava Arena Fonte Nova,Salvador,Group E,3,Switzerland,France,2,5,,,,
2014,2014.28,Jun 12,,Estádio Joaquim Américo Guimarães 'Arena da Baixada',Curitiba,Group E,4,Honduras,Ecuador,1,2,,,,
2014,2014.29,Jun 12,,Arena da Amazônia,Manaus,Group E,5,Honduras,Switzerland,0,3,,,,
2014,2014.3,Jun 12,,Estádio Jornalista Mário Filho 'Maracanã',Rio de Janeiro,Group E,6,Ecuador,France,0,0,,,,
2014,2014.31,Jun 12,,Estádio Jornalista Mário Filho 'Maracanã',Rio de Janeiro,Group F,1,Argentina,Bosnia and Herzegovina,2,1,,,,
2014,2014.32,Jun 12,,Estádio Joaquim Américo Guimarães 'Arena da Baixada',Curitiba,Group F,2,Iran,Nigeria,0,0,,,,
2014,2014.33,Jun 12,,Estádio Governador Magalhães Pinto 'Mineirão',Belo Horizonte,Group F,3,Argentina,Iran,1,0,,,,
2014,2014.34,Jun 12,,Arena Multiuso Governador José Fragelli 'Arena Pantanal',Cuiaba,Group F,4,Nigeria,Bosnia and Herzegovina,1,0,,,,
2014,2014.35,Jun 12,,Estádio José Pinheiro Borda 'Beira-Rio',Porto Alegre,Group F,5,Nigeria,Argentina,2,3,,,,
2014,2014.36,Jun 12,,Itaipava Arena Fonte Nova,Salvador,Group F,6,Bosnia and Herzegovina,Iran,3,1,,,,
2014,2014.37,Jun 12,,Itaipava Arena Fonte Nova,Salvador,Group G,1,Germany,Portugal,4,0,,,,
2014,2014.38,Jun 12,,Arena das Dunas,Natal,Group G,2,Ghana,United States,1,2,,,,
2014,2014.39,Jun 12,,Estádio Plácido Aderaldo Castelo 'Castelão',Fortaleza,Group G,3,Germany,Ghana,2,2,,,,
2014,2014.4,Jun 12,,Arena da Amazônia,Manaus,Group G,4,United States,Portugal,2,2,,,,
2014,2014.41,Jun 12,,Itaipava Arena Pernambuco,Recife,Group G,5,United States,Germany,0,1,,,,
2014,2014.42,Jun 12,,Estádio Nacional 'Mané Garrincha',Brasilia,Group G,6,Portugal,Ghana,2,1,,,,
2014,2014.43,Jun 12,,Estádio Governador Magalhães Pinto 'Mineirão',Belo Horizonte,Group H,1,Belgium,Algeria,2,1,,,,
2014,2014.44,Jun 12,,Arena Multiuso Governador José Fragelli 'Arena Pantanal',Cuiaba,Group H,2,Russia,South Korea,1,1,,,,
2014,2014.45,Jun 12,,Estádio Jornalista Mário Filho 'Maracanã',Rio de Janeiro,Group H,3,Belgium,Russia,1,0,,,,
2014,2014.46,Jun 12,,Estádio José Pinheiro Borda 'Beira-Rio',Porto Alegre,Group H,4,South Korea,Algeria,2,4,,,,
2014,2014.47,Jun 12,,Arena Corinthians,Sao Paulo,Group H,5,South Korea,Belgium,0,1,,,,
2014,2014.48,Jun 12,,Estádio Joaquim Américo Guimarães 'Arena da Baixada',Curitiba,Group H,6,Algeria,Russia,1,1,,,,
2014,2014.49,Jun 12,,Estádio Governador Magalhães Pinto 'Mineirão',Belo Horizonte,Second Round,1,Brazil,Chile,1,1,3,2,pens,
2014,2014.5,Jun 12,,Estádio Jornalista Mário Filho 'Maracanã',Rio de Janeiro,Second Round,2,Colombia,Uruguay,2,0,,,,
2014,2014.51,Jun 12,,Estádio Plácido Aderaldo Castelo 'Castelão',Fortaleza,Second Round,3,Netherlands,Mexico,2,1,,,,
2014,2014.52,Jun 12,,Itaipava Arena Pernambuco,Recife,Second Round,4,Costa Rica,Greece,1,1,5,3,pens,
2014,2014.53,Jun 12,,Estádio Nacional 'Mané Garrincha',Brasilia,Second Round,5,France,Nigeria,2,0,,,,
2014,2014.54,Jun 12,,Estádio José Pinheiro Borda 'Beira-Rio',Porto Alegre,Second Round,6,Germany,Algeria,2,1,,,aet,
2014,2014.55,Jun 12,,Arena Corinthians,Sao Paulo,Second Round,7,Argentina,Switzerland,1,0,,,aet,
2014,2014.56,Jun 12,,Itaipava Arena Fonte Nova,Salvador,Second Round,8,Belgium,United States,2,1,,,aet,
2014,2014.57,Jun 12,,Estádio Plácido Aderaldo Castelo 'Castelão',Fortaleza,Quarter-Finals,1,Brazil,Colombia,2,1,,,,
2014,2014.58,Jun 12,,Estádio Jornalista Mário Filho 'Maracanã',Rio de Janeiro,Quarter-Finals,2,France,Germany,0,1,,,,
2014,2014.59,Jun 12,,Itaipava Arena Fonte Nova,Salvador,Quarter-Finals,3,Netherlands,Costa Rica,0,0,4,3,pens,
2014,2014.6,Jun 12,,Estádio Nacional 'Mané Garrincha',Brasilia,Quarter-Finals,4,Argentina,Belgium,1,0,,,,
2014,2014.61,Jun 12,,Estádio Governador Magalhães Pinto 'Mineirão',Belo Horizonte,Semi-Finals,1,Brazil,Germany,1,7,,,,
2014,2014.62,Jun 12,,Arena Corinthians,Sao Paulo,Semi-Finals,2,Netherlands,Argentina,0,0,2,4,pens,
2014,2014.63,Jun 12,,Estádio Nacional 'Mané Garrincha',Brasilia,3rd/4th Place Play-Off,1,Brazil,Netherlands,0,3,,,,
2014,2014.64,Jun 12,,Estádio Jornalista Mário Filho 'Maracanã',Rio de Janeiro,Final,1,Germany,Argentina,1,0,,,aet,
2018,2018.01,Jun 14,,Stadion Luzhniki,Moscow,Group A,1,Russia,Saudi Arabia,5,0,,,,
2018,2018.02,Jun 15,,Tsentralnyy Stadion (Yekaterinburg Arena),Ekaterinburg,Group A,2,Egypt,Uruguay,0,1,,,,
2018,2018.15,Jun 19,,Stadion Krestovskiy (Stadion Sankt-Peterburg),St Petersburg,Group A,3,Russia,Egypt,3,1,,,,
2018,2018.18,Jun 20,,Rostov-Arena,Rostov-On-Don,Group A,4,Uruguay,Saudi Arabia,1,0,,,,
2018,2018.33,Jun 25,,Kosmos Arena (Samara Arena),Samara,Group A,5,Uruguay,Russia,3,0,,,,
2018,2018.34,Jun 25,,Volgograd Arena,Volgograd,Group A,6,Saudi Arabia,Egypt,2,1,,,,
2018,2018.03,Jun 15,,Stadion Krestovskiy (Stadion Sankt-Peterburg),St Petersburg,Group B,1,Morocco,Iran,0,1,,,,
2018,2018.04,Jun 15,,Olimpiyskiy Stadion Fisht,Sochi,Group B,2,Portugal,Spain,3,3,,,,
2018,2018.19,Jun 20,,Stadion Luzhniki,Moscow,Group B,3,Portugal,Morocco,1,0,,,,
2018,2018.2,Jun 20,,Kazan Arena,Kazan,Group B,4,Iran,Spain,0,1,,,,
2018,2018.35,Jun 25,,Stadion Kaliningrad,Kaliningrad,Group B,5,Spain,Morocco,2,2,,,,
2018,2018.36,Jun 25,,Mordoviya Arena,Saransk,Group B,6,Iran,Portugal,1,1,,,,
2018,2018.05,Jun 16,,Kazan Arena,Kazan,Group C,1,France,Australia,2,1,,,,
2018,2018.06,Jun 16,,Mordoviya Arena,Saransk,Group C,2,Peru,Denmark,0,1,,,,
2018,2018.21,Jun 21,,Kosmos Arena (Samara Arena),Samara,Group C,3,Denmark,Australia,1,1,,,,
2018,2018.22,Jun 21,,Tsentralnyy Stadion (Yekaterinburg Arena),Ekaterinburg,Group C,4,France,Peru,1,0,,,,
2018,2018.37,Jun 26,,Olimpiyskiy Stadion Fisht,Sochi,Group C,5,Australia,Peru,0,2,,,,
2018,2018.38,Jun 26,,Stadion Luzhniki,Moscow,Group C,6,Denmark,France,0,0,,,,
2018,2018.07,Jun 16,,Otkrytiye Arena (Stadion Spartak),Moscow,Group D,1,Argentina,Iceland,1,1,,,,
2018,2018.08,Jun 16,,Stadion Kaliningrad,Kaliningrad,Group D,2,Croatia,Nigeria,2,0,,,,
2018,2018.23,Jun 21,,Stadion Nizhniy Novgorod,Nizhny Novgorod,Group D,3,Argentina,Croatia,0,3,,,,
2018,2018.24,Jun 22,,Volgograd Arena,Volgograd,Group D,4,Nigeria,Iceland,2,0,,,,
2018,2018.39,Jun 26,,Stadion Krestovskiy (Stadion Sankt-Peterburg),St Petersburg,Group D,5,Nigeria,Argentina,1,2,,,,
2018,2018.4,Jun 26,,Rostov-Arena,Rostov-On-Don,Group D,6,Iceland,Croatia,1,2,,,,
2018,2018.09,Jun 17,,Kosmos Arena (Samara Arena),Samara,Group E,1,Costa Rica,Serbia,0,1,,,,
2018,2018.1,Jun 17,,Rostov-Arena,Rostov-On-Don,Group E,2,Brazil,Switzerland,1,1,,,,
2018,2018.25,Jun 22,,Stadion Krestovskiy (Stadion Sankt-Peterburg),St Petersburg,Group E,3,Brazil,Costa Rica,2,0,,,,
2018,2018.26,Jun 22,,Stadion Kaliningrad,Kaliningrad,Group E,4,Serbia,Switzerland,1,2,,,,
2018,2018.41,Jun 27,,Otkrytiye Arena (Stadion Spartak),Moscow,Group E,5,Serbia,Brazil,0,2,,,,
2018,2018.42,Jun 27,,Stadion Nizhniy Novgorod,Nizhny Novgorod,Group E,6,Switzerland,Costa Rica,2,2,,,,
2018,2018.11,Jun 17,,Stadion Luzhniki,Moscow,Group F,1,Germany,Mexico,0,1,,,,
2018,2018.12,Jun 18,,Stadion Nizhniy Novgorod,Nizhny Novgorod,Group F,2,Sweden,South Korea,1,0,,,,
2018,2018.27,Jun 23,,Rostov-Arena,Rostov-On-Don,Group F,3,South Korea,Mexico,1,2,,,,
2018,2018.28,Jun 23,,Olimpiyskiy Stadion Fisht,Sochi,Group F,4,Germany,Sweden,2,1,,,,
2018,2018.43,Jun 27,,Kazan Arena,Kazan,Group F,5,South Korea,Germany,2,0,,,,
2018,2018.44,Jun 27,,Tsentralnyy Stadion (Yekaterinburg Arena),Ekaterinburg,Group F,6,Mexico,Sweden,0,3,,,,
2018,2018.13,Jun 18,,Olimpiyskiy Stadion Fisht,Sochi,Group G,1,Belgium,Panama,3,0,,,,
2018,2018.14,Jun 18,,Volgograd Arena,Volgograd,Group G,2,Tunisia,England,1,2,,,,
2018,2018.29,Jun 23,,Otkrytiye Arena (Stadion Spartak),Moscow,Group G,3,Belgium,Tunisia,5,2,,,,
2018,2018.3,Jun 24,,Stadion Nizhniy Novgorod,Nizhny Novgorod,Group G,4,England,Panama,6,1,,,,
2018,2018.45,Jun 28,,Mordoviya Arena,Saransk,Group G,5,Panama,Tunisia,1,2,,,,
2018,2018.46,Jun 28,,Stadion Kaliningrad,Kaliningrad,Group G,6,England,Belgium,0,1,,,,
2018,2018.16,Jun 19,,Mordoviya Arena,Saransk,Group H,1,Colombia,Japan,1,2,,,,
2018,2018.17,Jun 19,,Otkrytiye Arena (Stadion Spartak),Moscow,Group H,2,Poland,Senegal,1,2,,,,
2018,2018.31,Jun 24,,Tsentralnyy Stadion (Yekaterinburg Arena),Ekaterinburg,Group H,3,Japan,Senegal,2,2,,,,
2018,2018.32,Jun 24,,Kazan Arena,Kazan,Group H,4,Poland,Colombia,0,3,,,,
2018,2018.47,Jun 28,,Volgograd Arena,Volgograd,Group H,5,Japan,Poland,0,1,,,,
2018,2018.48,Jun 28,,Kosmos Arena (Samara Arena),Samara,Group H,6,Senegal,Colombia,0,1,,,,
2018,2018.49,Jun 30,,Kazan Arena,Kazan,Second Round,1,France,Argentina,4,3,,,,
2018,2018.5,Jun 30,,Olimpiyskiy Stadion Fisht,Sochi,Second Round,2,Uruguay,Portugal,2,1,,,,
2018,2018.51,Jul 01,,Stadion Luzhniki,Moscow,Second Round,3,Spain,Russia,1,1,3,4,pens,
2018,2018.52,Jul 01,,Stadion Nizhniy Novgorod,Nizhny Novgorod,Second Round,4,Croatia,Denmark,1,1,3,2,pens,
2018,2018.53,Jul 02,,Kosmos Arena (Samara Arena),Samara,Second Round,5,Brazil,Mexico,2,0,,,,
2018,2018.54,Jul 02,,Rostov-Arena,Rostov-On-Don,Second Round,6,Belgium,Japan,3,2,,,,
2018,2018.55,Jul 03,,Stadion Krestovskiy (Stadion Sankt-Peterburg),St Petersburg,Second Round,7,Sweden,Switzerland,1,0,,,,
2018,2018.56,Jul 03,,Otkrytiye Arena (Stadion Spartak),Moscow,Second Round,8,Colombia,England,1,1,3,4,pens,
2018,2018.57,Jul 06,,Stadion Nizhniy Novgorod,Nizhny Novgorod,Quarter-Finals,1,Uruguay,France,0,2,,,,
2018,2018.58,Jul 06,,Kazan Arena,Kazan,Quarter-Finals,2,Brazil,Belgium,1,2,,,,
2018,2018.59,Jul 07,,Kosmos Arena (Samara Arena),Samara,Quarter-Finals,3,Sweden,England,0,2,,,,
2018,2018.6,Jul 07,,Olimpiyskiy Stadion Fisht,Sochi,Quarter-Finals,4,Russia,Croatia,2,2,3,4,pens,
2018,2018.61,Jul 10,,Stadion Krestovskiy (Stadion Sankt-Peterburg),St Petersburg,Semi-Finals,1,France,Belgium,1,0,,,,
2018,2018.62,Jul 11,,Stadion Luzhniki,Moscow,Semi-Finals,2,Croatia,England,2,1,,,aet,
2018,2018.63,Jul 14,,Stadion Krestovskiy (Stadion Sankt-Peterburg),St Petersburg,3rd/4th Place Play-Off,1,Belgium,England,2,0,,,,
2018,2018.64,Jul 15,,Stadion Luzhniki,Moscow,Final,1,France,Croatia,4,2,,,,
